Date,Ticker,Open,High,Low,Close,Volume
2024-09-10 00:00:00-04:00,AAPL,217.1038662465979,219.6426263973432,214.93203178151688,218.28399658203125,51591000
2024-09-11 00:00:00-04:00,AAPL,219.62283934479092,221.23930705217748,216.08244775598524,220.81288146972656,44587100
2024-09-12 00:00:00-04:00,AAPL,220.6541869199912,221.69547936785247,217.9964268983011,220.9219512939453,37455600
2024-09-13 00:00:00-04:00,AAPL,221.72521710949164,222.18139254741286,220.06907298412548,220.6541748046875,36766600
2024-09-16 00:00:00-04:00,AAPL,214.74362792854853,215.4179946756504,212.14536768072225,214.5254669189453,59357400
2024-09-17 00:00:00-04:00,AAPL,213.96019610771708,215.10064996456288,212.72056577105593,214.99156188964844,45519300
2024-09-18 00:00:00-04:00,AAPL,215.745241460142,220.86243852013078,215.7353147340035,218.85919189453125,59894900
2024-09-19 00:00:00-04:00,AAPL,223.12352684243388,227.91345980340301,222.7665127356472,226.97132873535156,66781300
2024-09-20 00:00:00-04:00,AAPL,228.06223610833695,231.15634864169297,225.73172498083707,226.30691528320312,318679900
2024-09-23 00:00:00-04:00,AAPL,225.45404067299683,227.54653724680347,223.93673438033483,224.5912628173828,54146000
2024-09-24 00:00:00-04:00,AAPL,226.75316007712865,227.44736512534206,223.85738561877668,225.48377990722656,43556100
2024-09-25 00:00:00-04:00,AAPL,223.06400902085235,225.40443143928672,222.16156973744518,224.4920654296875,42308700
2024-09-26 00:00:00-04:00,AAPL,225.41436171300208,226.60440369502516,223.54004142995942,225.63253784179688,36636700
2024-09-27 00:00:00-04:00,AAPL,226.56473891662026,227.61594290444046,225.41435845997736,225.90028381347656,34026000
2024-09-30 00:00:00-04:00,AAPL,228.13162655878588,231.06707763671875,227.74486252768645,231.06707763671875,54541900
2024-10-01 00:00:00-04:00,AAPL,227.615942887257,227.74485413807125,221.88389405688537,224.33340454101562,63285000
2024-10-02 00:00:00-04:00,AAPL,224.01605029183685,225.48376819979168,221.16986421787885,224.89866638183594,32880600
2024-10-03 00:00:00-04:00,AAPL,223.27228007150777,224.928424248049,221.46738631978812,223.79788208007812,34044200
2024-10-04 00:00:00-04:00,AAPL,226.00938361911108,226.10856009308668,222.27066963907552,224.91851806640625,37245100
2024-10-07 00:00:00-04:00,AAPL,222.63759275105315,223.81772316941647,219.49389225502094,219.8509063720703,39505400
2024-10-08 00:00:00-04:00,AAPL,222.43925780658088,224.10531361949606,221.3979653574062,223.89706420898438,31855700
2024-10-09 00:00:00-04:00,AAPL,223.36154504729694,227.84405251552317,222.96486939830248,227.6357879638672,33591100
2024-10-10 00:00:00-04:00,AAPL,225.89038125247495,227.59611368544336,225.28544108575701,227.13992309570312,28183500
2024-10-11 00:00:00-04:00,AAPL,227.39779019694814,227.5068782710055,225.45404318616428,225.6623077392578,31759200
2024-10-14 00:00:00-04:00,AAPL,226.80274288926017,229.8076053434174,226.70358155060512,229.3811798095703,39882100
2024-10-15 00:00:00-04:00,AAPL,231.67201972311165,235.51983687729248,230.44230106244424,231.9100341796875,64751400
2024-10-16 00:00:00-04:00,AAPL,229.67867825777722,230.1943535005289,227.93326933706737,229.857177734375,34082200
2024-10-17 00:00:00-04:00,AAPL,231.49350124327563,231.91003031839952,228.60765355789445,230.22412109375,32993800
2024-10-18 00:00:00-04:00,AAPL,234.22071038271358,234.22071038271358,232.0687139036669,233.05050659179688,46431500
2024-10-21 00:00:00-04:00,AAPL,232.5050454306036,234.88514457730523,232.5050454306036,234.51820373535156,36254500
2024-10-22 00:00:00-04:00,AAPL,231.94970749678197,234.2603802258017,230.67041566655348,233.9033660888672,38846600
2024-10-23 00:00:00-04:00,AAPL,232.13812257917175,233.18932661738793,225.87054472777703,228.8456573486328,52287000
2024-10-24 00:00:00-04:00,AAPL,228.07209441058475,228.9051373175465,226.51512691244304,228.65721130371094,31109500
2024-10-25 00:00:00-04:00,AAPL,227.83412074973037,231.28524701350278,227.665532857223,229.49026489257812,38802300
2024-10-28 00:00:00-04:00,AAPL,231.38445260776976,232.78274415861915,230.62083606612686,231.46377563476562,36087100
2024-10-29 00:00:00-04:00,AAPL,231.16627329542206,232.38606532055925,230.39274516902225,231.73153686523438,35417200
2024-10-30 00:00:00-04:00,AAPL,230.68031899274527,231.53318522639518,227.64570650368097,228.19114685058594,47070900
2024-10-31 00:00:00-04:00,AAPL,227.43744214117888,227.92338265648337,223.50037517792762,224.03590393066406,64370100
2024-11-01 00:00:00-04:00,AAPL,219.1368672842602,223.4805363045207,218.44267740554844,221.06077575683594,65276700
2024-11-04 00:00:00-05:00,AAPL,219.15671602208408,220.94177147156717,217.88733586004025,220.16824340820312,44944500
2024-11-05 00:00:00-05:00,AAPL,219.9599923572388,222.09215031274817,219.3054639601429,221.59629821777344,28111300
2024-11-06 00:00:00-05:00,AAPL,220.76327216240406,224.19457534628128,219.35505401685137,220.8723602294922,54561100
2024-11-07 00:00:00-05:00,AAPL,222.7665171269793,225.9895557457087,222.7070172967094,225.59286499023438,42137700
2024-11-08 00:00:00-05:00,AAPL,225.53330763226646,227.01257809039103,224.77878865400953,225.3248291015625,38328800
2024-11-11 00:00:00-05:00,AAPL,223.37892800863307,224.07388164377818,219.90414468405433,222.61447143554688,42005600
2024-11-12 00:00:00-05:00,AAPL,222.9321731823864,223.96467356190874,221.75074442821315,222.61447143554688,40398300
2024-11-13 00:00:00-05:00,AAPL,222.39605879884869,225.01703765642938,221.15506473467502,223.49806213378906,48566200
2024-11-14 00:00:00-05:00,AAPL,223.39881774279925,227.22107081675753,223.37895759377815,226.5757598876953,44923900
2024-11-15 00:00:00-05:00,AAPL,224.76884409236825,225.28510187679902,222.65420045885568,223.37893676757812,47923700
2024-11-18 00:00:00-05:00,AAPL,223.62711979019133,228.08477571151616,223.54769435597734,226.37716674804688,44633700
2024-11-19 00:00:00-05:00,AAPL,225.34466282087314,228.50175961033486,225.02697621656037,226.6352996826172,36211800
2024-11-20 00:00:00-05:00,AAPL,226.4168677573381,228.2733899080337,224.2625040209905,227.35009765625,35169600
2024-11-21 00:00:00-05:00,AAPL,227.230987838277,228.50176458087773,224.0838286281757,226.8735809326172,42108300
2024-11-22 00:00:00-05:00,AAPL,226.4168797117104,229.05771868234922,226.4168797117104,228.21383666992188,38168300
2024-11-25 00:00:00-05:00,AAPL,229.79240040372403,231.5694972757357,228.08479132337303,231.19223022460938,90152800
2024-11-26 00:00:00-05:00,AAPL,231.6489234928732,233.87279036398945,231.6489234928732,233.366455078125,45986200
2024-11-27 00:00:00-05:00,AAPL,232.78071887838198,233.99193037541463,232.125470334311,233.23739624023438,33498400
2024-11-29 00:00:00-05:00,AAPL,233.11825362062933,236.0966394139658,232.28430923421996,235.62010192871094,28481400
2024-12-02 00:00:00-05:00,AAPL,235.56052304560976,239.05515126765505,235.45131496686756,237.86380004882812,48137100
2024-12-03 00:00:00-05:00,AAPL,238.08222901174219,241.01097200063165,237.17878168890522,240.90176391601562,38861000
2024-12-04 00:00:00-05:00,AAPL,241.12019505186365,242.35126670496282,239.5118714775545,241.25918579101562,44383900
2024-12-05 00:00:00-05:00,AAPL,242.23213863223197,242.77816394602775,240.38553870781277,241.28897094726562,40033900
2024-12-06 00:00:00-05:00,AAPL,241.15989600483465,242.86750503393802,240.33587413565135,241.09039306640625,36870600
2024-12-09 00:00:00-05:00,AAPL,240.08769312504634,245.4587194212017,240.00826768189094,244.9722442626953,44649200
2024-12-10 00:00:00-05:00,AAPL,245.11121388943334,246.4217108653419,243.57237825215392,245.98487854003906,36914800
2024-12-11 00:00:00-05:00,AAPL,246.17350623578653,248.9930409884295,244.48574226451257,244.71409606933594,45205800
2024-12-12 00:00:00-05:00,AAPL,245.11120954102955,246.9478867446912,243.90992066775823,246.1735076904297,32777500
2024-12-13 00:00:00-05:00,AAPL,246.03453629863122,247.4939314395242,244.46591792091505,246.34230041503906,33155300
2024-12-16 00:00:00-05:00,AAPL,246.2033097230519,249.56888515433104,245.86574781090837,249.2313232421875,51694800
2024-12-17 00:00:00-05:00,AAPL,248.2782345553336,252.0012166921119,247.98039295462073,251.6537322998047,51356400
2024-12-18 00:00:00-05:00,AAPL,250.34325221557475,252.44797328398425,245.95509905753715,246.2628631591797,56774100
2024-12-19 00:00:00-05:00,AAPL,245.71683140567848,250.184410158509,245.3097817058068,247.99032592773438,60882300
2024-12-20 00:00:00-05:00,AAPL,246.2529371403228,253.16279902630112,243.919877297432,252.65647888183594,147495300
2024-12-23 00:00:00-05:00,AAPL,252.93444954402884,253.80809906094288,251.62395254537785,253.43084716796875,40858800
2024-12-24 00:00:00-05:00,AAPL,253.64920994120632,256.3495985100622,253.450638814347,256.3396911621094,23234700
2024-12-26 00:00:00-05:00,AAPL,256.329771467171,258.2260137599804,255.77380863027113,257.1537780761719,27237100
2024-12-27 00:00:00-05:00,AAPL,255.9724022209019,256.8361595932908,251.23677948504655,253.74855041503906,42355300
2024-12-30 00:00:00-05:00,AAPL,250.4127477342041,251.67360197393796,248.9434149702759,250.38296508789062,35557500
2024-12-31 00:00:00-05:00,AAPL,250.62123433005314,251.45517870098834,247.63291094425557,248.61578369140625,39480700
2025-01-02 00:00:00-05:00,AAPL,247.1365264348607,247.3053149666319,240.07776640397734,242.0931396484375,55740700
2025-01-03 00:00:00-05:00,AAPL,241.60665893554688,242.42074318433572,240.14724866814672,241.60665893554688,40244100
2025-01-06 00:00:00-05:00,AAPL,242.5498168429892,245.54806288478193,241.4478134561986,243.23484802246094,45045600
2025-01-07 00:00:00-05:00,AAPL,241.22937670987722,243.78086767976055,239.6111308132576,240.46493530273438,40856000
2025-01-08 00:00:00-05:00,AAPL,240.17700647488417,241.95411831821167,238.32048434869313,240.95138549804688,37628900
2025-01-10 00:00:00-05:00,AAPL,238.2807606174901,238.4296889806259,231.32127200767005,235.14353942871094,61710900
2025-01-13 00:00:00-05:00,AAPL,231.84748509521594,232.9792711307645,228.06493742769467,232.71121215820312,49630700
2025-01-14 00:00:00-05:00,AAPL,233.05868390458076,234.41880854341963,230.7951119565212,231.59927368164062,39435300
2025-01-15 00:00:00-05:00,AAPL,232.94949481929564,237.2383779015073,232.74100113522098,236.15621948242188,39832000
2025-01-16 00:00:00-05:00,AAPL,235.63998458586752,236.29521800986595,226.38712456587973,226.61546325683594,71759100
2025-01-17 00:00:00-05:00,AAPL,230.447655820989,230.61642921557544,226.83388128979956,228.3230743408203,68488300
2025-01-21 00:00:00-05:00,AAPL,222.38615194982364,222.80312416686704,217.79944241349193,221.03594970703125,98070400
2025-01-22 00:00:00-05:00,AAPL,218.2064601780486,222.5052654056773,218.2064601780486,222.2173614501953,64126500
2025-01-23 00:00:00-05:00,AAPL,223.12078931433723,225.39428356119052,220.6983667044382,222.04856872558594,60234800
2025-01-24 00:00:00-05:00,AAPL,223.16053267311034,224.00441476166836,219.8148172645265,221.17494201660156,54697900
2025-01-27 00:00:00-05:00,AAPL,222.40598291880553,230.4773975200278,222.36626262781007,228.2039031982422,94863400
2025-01-28 00:00:00-05:00,AAPL,229.18679454547646,238.4594987479956,229.147074251248,236.54339599609375,75707600
2025-01-29 00:00:00-05:00,AAPL,232.43322998057818,238.13188043636077,232.32402189200354,237.63548278808594,45486100
2025-01-30 00:00:00-05:00,AAPL,236.95045561956258,239.05517683623282,235.50098294542886,235.87823486328125,55658300
2025-01-31 00:00:00-05:00,AAPL,245.40906406001392,245.40906406001392,231.75812916176676,234.2996826171875,100959800
2025-02-03 00:00:00-05:00,AAPL,228.33299411580026,230.15973381299622,224.0738938399255,226.36724853515625,73063300
2025-02-04 00:00:00-05:00,AAPL,225.61273982041166,231.45038123633566,225.01705656002386,231.1227569580078,45067300
2025-02-05 00:00:00-05:00,AAPL,226.8835194075747,230.9936915376493,226.62539807097704,230.79513549804688,39620300
2025-02-06 00:00:00-05:00,AAPL,229.62361584180033,232.11554171369926,228.7698112868805,231.5397186279297,29925300
2025-02-07 00:00:00-05:00,AAPL,230.92416830424466,232.3140755170278,225.6226304523949,225.98997497558594,39707200
2025-02-10 00:00:00-05:00,AAPL,228.16660736242451,229.1803610121675,225.81108525741098,226.25833129882812,33115600
2025-02-11 00:00:00-05:00,AAPL,226.8049592810601,233.7919821040532,226.7353950927951,231.19793701171875,53718400
2025-02-12 00:00:00-05:00,AAPL,229.78663009476247,235.51142789245534,229.26980470124647,235.42196655273438,45243300
2025-02-13 00:00:00-05:00,AAPL,235.4617298072221,240.85852795215618,234.1299251101732,240.05348205566406,53614100
2025-02-14 00:00:00-05:00,AAPL,239.77517912233392,244.04889519264196,239.51677402617887,243.10470581054688,40896200
2025-02-18 00:00:00-05:00,AAPL,242.6574585849239,243.6811607859394,240.36158248040348,242.9755096435547,48822500
2025-02-19 00:00:00-05:00,AAPL,243.16435439309654,244.50609250836237,241.6735241546838,243.37306213378906,32204200
2025-02-20 00:00:00-05:00,AAPL,243.4426355672204,245.27138364211797,242.7966000469895,244.3271942138672,32316900
2025-02-21 00:00:00-05:00,AAPL,244.44646835255205,247.16972378813352,243.72093519653038,244.04891967773438,53197400
2025-02-24 00:00:00-05:00,AAPL,243.43269920852308,247.33868242018207,242.92582237394555,245.58944702148438,51326400
2025-02-25 00:00:00-05:00,AAPL,246.48392314447185,248.4716967182176,243.41281661275679,245.52978515625,48013300
2025-02-26 00:00:00-05:00,AAPL,242.83637220684057,243.48239258336395,237.66816369812489,238.89064025878906,44433600
2025-02-27 00:00:00-05:00,AAPL,237.94643641845556,240.97779411500133,235.61079643123784,235.84933471679688,41153600
2025-02-28 00:00:00-05:00,AAPL,235.50149647860906,240.61007450668035,228.79275994472408,240.36160278320312,56833400
2025-03-03 00:00:00-05:00,AAPL,240.31188380351972,242.5381957053339,234.66661403302143,236.5748748779297,47184000
2025-03-04 00:00:00-05:00,AAPL,236.25683384188991,238.60240725621293,233.24534293735957,234.48770141601562,53798100
2025-03-05 00:00:00-05:00,AAPL,233.98082285378285,235.1039197629907,227.82866128733946,234.2988739013672,47227600
2025-03-06 00:00:00-05:00,AAPL,233.00682927336524,236.4059203890797,231.73465535282332,233.89138793945312,45170400
2025-03-07 00:00:00-05:00,AAPL,233.67273718007357,239.89446338205195,233.32487071745646,237.60853576660156,46273600
2025-03-10 00:00:00-04:00,AAPL,234.10009611136832,234.71631625547707,222.84930513729455,226.08937072753906,72071200
2025-03-11 00:00:00-04:00,AAPL,222.44182022291236,224.45940937640347,216.12069905845206,219.48997497558594,76137400
2025-03-12 00:00:00-04:00,AAPL,218.7942505386503,220.39440897367027,213.5962265598192,215.653564453125,62547500
2025-03-13 00:00:00-04:00,AAPL,214.6298526174969,215.5144112677834,207.14588618522245,208.39817810058594,61368300
2025-03-14 00:00:00-04:00,AAPL,209.9585940343847,212.64208545758027,208.2988048386841,212.18490600585938,60107600
2025-03-17 00:00:00-04:00,AAPL,212.00600336087763,213.9043309003415,208.68642489319868,212.69178771972656,48073400
2025-03-18 00:00:00-04:00,AAPL,212.85080057479257,213.83473880015984,210.19712464056028,211.38978576660156,42432400
2025-03-19 00:00:00-04:00,AAPL,212.91044076829724,217.4226803637017,212.443312738742,213.92420959472656,54385400
2025-03-20 00:00:00-04:00,AAPL,212.6818400591608,216.16044383082547,210.9226561911479,212.79116821289062,48862900
2025-03-21 00:00:00-04:00,AAPL,210.26669685360034,217.5021918152461,209.9884097524224,216.93568420410156,94127800
2025-03-24 00:00:00-04:00,AAPL,219.64899945464327,220.1260609084734,217.24379503613238,219.38064575195312,44299500
2025-03-25 00:00:00-04:00,AAPL,219.4204082670252,222.73005335992565,218.73462390108503,222.38218688964844,34493600
2025-03-26 00:00:00-04:00,AAPL,222.1436424317859,223.64442126802376,219.12223310716143,220.17575073242188,34466100
2025-03-27 00:00:00-04:00,AAPL,220.03661426059983,223.61461307047793,219.21168633594712,222.48158264160156,37094800
2025-03-28 00:00:00-04:00,AAPL,220.31488968867507,222.44180687800483,216.34927581514728,216.56793212890625,39818600
2025-03-31 00:00:00-04:00,AAPL,215.6833836525119,224.24075018814546,214.90815310911736,220.7720947265625,65299300
2025-04-01 00:00:00-04:00,AAPL,218.46626491168394,222.31260214779184,217.5618242432653,221.8256072998047,36412700
2025-04-02 00:00:00-04:00,AAPL,219.9670353213626,223.8133724100327,219.66886624627372,222.5213165283203,35905900
2025-04-03 00:00:00-04:00,AAPL,204.28348559152053,206.22157697816277,200.0197179050274,201.94786071777344,103419000
2025-04-04 00:00:00-04:00,AAPL,192.70471987275084,198.65810753704542,186.19475800144227,187.22840881347656,125910900
2025-04-07 00:00:00-04:00,AAPL,176.11674047268428,192.96311894309866,173.55251067175698,180.3507080078125,160466300
2025-04-08 00:00:00-04:00,AAPL,185.55865310846366,189.17640027021665,168.17558356470508,171.36595153808594,120859500
2025-04-09 00:00:00-04:00,AAPL,170.89883496621582,199.38363475051753,170.83920418374143,197.6343994140625,184395900
2025-04-10 00:00:00-04:00,AAPL,187.9141823452429,193.58926741380884,181.88128226075605,189.25592041015625,121880000
2025-04-11 00:00:00-04:00,AAPL,184.96235041538483,198.32017705332044,184.92258644836306,196.9386749267578,87435900
2025-04-14 00:00:00-04:00,AAPL,210.14745189040866,211.63828226401768,199.93029560984905,201.281982421875,101352900
2025-04-15 00:00:00-04:00,AAPL,200.6259945192588,202.26590170954893,198.57859009217825,200.90428161621094,51343900
2025-04-16 00:00:00-04:00,AAPL,197.1473909296092,199.47308245703653,191.19400339685228,193.0823974609375,59732400
2025-04-17 00:00:00-04:00,AAPL,195.9944894564487,197.61452992177487,193.2314851467638,195.7758331298828,52164700
2025-04-21 00:00:00-04:00,AAPL,192.08851517151226,192.6152739871965,188.64966000796989,191.97918701171875,46742500
2025-04-22 00:00:00-04:00,AAPL,194.92107095045932,200.35763286451953,194.7719939992729,198.51895141601562,52976400
2025-04-23 00:00:00-04:00,AAPL,204.7406939661261,206.72846769395255,201.56025903470575,203.34925842285156,52929200
2025-04-24 00:00:00-04:00,AAPL,203.63746952607698,207.55338601533765,201.69939326414854,207.09619140625,47311000
2025-04-25 00:00:00-04:00,AAPL,205.10842646651815,208.46776890662989,204.9394675201618,208.00064086914062,38222300
2025-04-28 00:00:00-04:00,AAPL,208.71621839949725,210.2070485309222,206.19175271644127,208.85536193847656,38743100
2025-04-29 00:00:00-04:00,AAPL,207.41425458581946,210.94255602883885,207.096203506044,209.91885375976562,36827600
2025-04-30 00:00:00-04:00,AAPL,208.0205233254963,212.2743578831654,205.4065960245207,211.20095825195312,52286500
2025-05-01 00:00:00-04:00,AAPL,207.80187477964563,213.2483707428857,207.62296725165953,212.01596069335938,57365700
2025-05-02 00:00:00-04:00,AAPL,204.83013207172814,205.72463931330321,200.92416412992952,204.09466552734375,101010600
2025-05-05 00:00:00-04:00,AAPL,201.85840315300126,202.85228989395054,196.99829759637964,197.67413330078125,69018500
2025-05-06 00:00:00-04:00,AAPL,196.99832434112832,199.42339557924856,195.81559653234874,197.29647827148438,51216500
2025-05-07 00:00:00-04:00,AAPL,197.9524407308952,198.2207944248892,192.0686324392914,195.05029296875,68536700
2025-05-08 00:00:00-04:00,AAPL,196.51130456752412,198.82706269335065,193.48988012199126,196.28271484375,50478900
2025-05-09 00:00:00-04:00,AAPL,197.78345792922866,199.3140368102294,196.33237664044202,197.3163299560547,36453900
2025-05-12 00:00:00-04:00,AAPL,209.95526516858178,210.2538252478288,205.75556156059073,209.776123046875,63775800
2025-05-13 00:00:00-04:00,AAPL,209.4178625594749,212.3735786127325,207.99474788922345,211.9058380126953,51909300
2025-05-14 00:00:00-04:00,AAPL,211.4082104531309,212.91095711473224,209.5671180117484,211.30870056152344,49325800
2025-05-15 00:00:00-04:00,AAPL,209.93535780893234,211.93569971673273,208.53213606160298,210.43295288085938,45029500
2025-05-16 00:00:00-04:00,AAPL,211.33859654598928,211.54759317457453,208.76105751069144,210.24388122558594,54737900
2025-05-19 00:00:00-04:00,AAPL,206.90999202317107,208.47243269467637,203.2775387890809,207.7758026123047,46140500
2025-05-20 00:00:00-04:00,AAPL,206.67113760639387,207.46729276724128,204.04383620537516,205.8650360107422,42496600
2025-05-21 00:00:00-04:00,AAPL,204.1831685508297,206.04416933851562,199.74462882701684,201.11798095703125,59211800
2025-05-22 00:00:00-04:00,AAPL,199.7446272097534,201.77480849030061,198.7394754118135,200.39149475097656,46742400
2025-05-23 00:00:00-04:00,AAPL,192.73850002209878,196.74911564225795,192.52951856677853,194.330810546875,78432900
2025-05-27 00:00:00-04:00,AAPL,197.34622283817185,199.77448939448533,196.4803970243206,199.24703979492188,56288500
2025-05-28 00:00:00-04:00,AAPL,199.6252046868552,201.75491117265972,198.93852099816252,199.45602416992188,45339700
2025-05-29 00:00:00-04:00,AAPL,202.60082660426147,202.82971610271787,197.55520490499057,198.98828125,51396800
2025-05-30 00:00:00-04:00,AAPL,198.4110493394953,200.98860329086406,195.83351057352263,199.88394165039062,70819900
2025-06-02 00:00:00-04:00,AAPL,199.31669015009302,201.15779807678393,199.15745607510846,200.7298583984375,35423300
2025-06-03 00:00:00-04:00,AAPL,200.38153417950807,202.78989241693247,199.99341064507593,202.29229736328125,46381600
2025-06-04 00:00:00-04:00,AAPL,201.93404589483336,205.24803106286797,201.12794426741362,201.844482421875,43604000
2025-06-05 00:00:00-04:00,AAPL,202.52119947175674,203.76518718349973,199.18730633012683,199.66500854492188,55126100
2025-06-06 00:00:00-04:00,AAPL,202.023590138985,204.71060036976428,201.0781625818177,202.9391632080078,46607700
2025-06-09 00:00:00-04:00,AAPL,203.4069099948636,205.0091667110405,199.05793398755327,200.48104858398438,72862600
2025-06-10 00:00:00-04:00,AAPL,199.63515466910712,203.36711781582227,199.60530017876516,201.6951904296875,54672600
2025-06-11 00:00:00-04:00,AAPL,202.52118145308685,203.51637153393742,197.4556675860525,197.82388305664062,60989900
2025-06-12 00:00:00-04:00,AAPL,198.12246436103902,198.71956936233477,196.4107360236097,198.24188232421875,43904600
2025-06-13 00:00:00-04:00,AAPL,198.769334334526,199.40625545491926,194.7587190445596,195.50511169433594,51447300
2025-06-16 00:00:00-04:00,AAPL,196.3510290449251,197.73434281232372,195.61458283187793,197.46563720703125,43020700
2025-06-17 00:00:00-04:00,AAPL,196.25149936947125,197.4357781067605,194.27108064091922,194.69900512695312,38856200
2025-06-18 00:00:00-04:00,AAPL,194.99756984742208,196.61973472966923,194.13175923439314,195.63449096679688,45394700
2025-06-20 00:00:00-04:00,AAPL,197.28649906078425,200.72984844555882,195.9131318065836,200.03321838378906,96813500
2025-06-23 00:00:00-04:00,AAPL,200.6602023375907,201.3269779408771,198.00304635957568,200.53082275390625,55814300
2025-06-24 00:00:00-04:00,AAPL,201.61557243039425,202.46149014710028,199.23706853700068,199.3365936279297,54064000
2025-06-25 00:00:00-04:00,AAPL,200.4810436177515,202.6903668657116,199.65503400834336,200.59051513671875,39525700
2025-06-26 00:00:00-04:00,AAPL,200.4611428555203,201.66532960796235,198.50063224789568,200.03321838378906,50799100
2025-06-27 00:00:00-04:00,AAPL,200.91894034324127,202.24254507531293,199.03803155248616,200.1128387451172,73188600
2025-06-30 00:00:00-04:00,AAPL,201.03836190454115,206.39248990855162,198.3015889216639,204.18316650390625,91912800
2025-07-01 00:00:00-04:00,AAPL,205.6759567295316,209.17903048404247,205.14850713857425,206.8204345703125,78788900
2025-07-02 00:00:00-04:00,AAPL,207.90519262679368,212.31387801499196,207.13889190503232,211.418212890625,67941800
2025-07-03 00:00:00-04:00,AAPL,211.12958235725722,213.61755770997246,210.7912213537831,212.52285766601562,34955800
2025-07-07 00:00:00-04:00,AAPL,211.65705062020388,215.18997897032483,207.7957228576545,208.940185546875,50229000
2025-07-08 00:00:00-04:00,AAPL,209.08945658408672,210.41304612040562,207.4473837253886,208.9998779296875,42848900
2025-07-09 00:00:00-04:00,AAPL,208.52219391164948,210.31353924447487,206.22330706177223,210.12445068359375,48749400
2025-07-10 00:00:00-04:00,AAPL,209.49748097232364,212.45319704499605,209.0197939340788,211.3883514404297,44443600
2025-07-11 00:00:00-04:00,AAPL,209.55718962168862,211.1096837700706,208.85059795908091,210.14434814453125,39765800
2025-07-14 00:00:00-04:00,AAPL,208.92027389637033,209.89557123752414,206.54176989733165,207.6165771484375,38840100
2025-07-15 00:00:00-04:00,AAPL,208.21367378884585,210.8708295317098,207.91511372197888,208.1042022705078,42296300
2025-07-16 00:00:00-04:00,AAPL,209.28849593835915,211.37838618562168,207.63647661047767,209.149169921875,47490500
2025-07-17 00:00:00-04:00,AAPL,209.55721484346458,210.78129457926272,208.5819174807461,209.00985717773438,48068100
2025-07-18 00:00:00-04:00,AAPL,209.85575432940058,210.77132749863404,208.6913836081342,210.1642608642578,48974600
2025-07-21 00:00:00-04:00,AAPL,211.07983063398711,214.74212298846783,210.61209006251647,211.45799255371094,51377400
2025-07-22 00:00:00-04:00,AAPL,212.11484021935428,213.91613206526756,211.20921348603295,213.3687744140625,46404100
2025-07-23 00:00:00-04:00,AAPL,213.96588230147148,214.11515474984876,211.38834345684663,213.11996459960938,46989300
2025-07-24 00:00:00-04:00,AAPL,212.87115278650074,214.65255153978734,212.5029373149323,212.73182678222656,46022600
2025-07-25 00:00:00-04:00,AAPL,213.66733592091674,214.20474714033003,212.37358560556336,212.85128784179688,40268800
2025-07-28 00:00:00-04:00,AAPL,213.00055398053098,213.81661722083774,212.03521828670327,213.0204620361328,37858000
2025-07-29 00:00:00-04:00,AAPL,213.14982178903043,213.7767964509494,209.80599741985404,210.2538299560547,51411700
2025-07-30 00:00:00-04:00,AAPL,210.88079278566187,211.36844143995228,206.72090512781878,208.0445098876953,45512500
2025-07-31 00:00:00-04:00,AAPL,207.48718253646683,208.83068001568543,206.16357792510368,206.5716094970703,80698400
2025-08-01 00:00:00-04:00,AAPL,209.85574027592583,212.5527122409286,200.53081350952442,201.40658569335938,104434500
2025-08-04 00:00:00-04:00,AAPL,203.5263267271778,206.88012777005082,200.70993685491413,202.37191772460938,75109300
2025-08-05 00:00:00-04:00,AAPL,202.42167200915333,204.35234334482283,201.18764593221573,201.94398498535156,44155100
2025-08-06 00:00:00-04:00,AAPL,204.64094523363173,214.3440487139093,204.60112912578842,212.2242889404297,108483100
2025-08-07 00:00:00-04:00,AAPL,217.8272171299369,219.78774287041324,215.5382768294147,218.9716796875,90224800
2025-08-08 00:00:00-04:00,AAPL,219.76784743364436,229.88892965735022,218.19544514014734,228.2468719482422,113854000
2025-08-11 00:00:00-04:00,AAPL,227.08115402328403,228.71511750604432,223.9327805410339,226.3438720703125,61806100
2025-08-12 00:00:00-04:00,AAPL,227.17081559543826,229.95055565919736,226.23428798669784,228.80477905273438,55626200
2025-08-13 00:00:00-04:00,AAPL,230.2195756343437,234.1351043372746,229.58191650034667,232.47125244140625,69878500
2025-08-14 00:00:00-04:00,AAPL,233.1985666998313,234.25466305951576,230.0003892485326,231.92327880859375,51916300
2025-08-15 00:00:00-04:00,AAPL,233.1387895567921,233.417757832359,228.49593650929467,230.73765563964844,56038700
2025-08-18 00:00:00-04:00,AAPL,230.8472538899505,232.26202593201924,229.26310933608104,230.0402374267578,37476200
2025-08-19 00:00:00-04:00,AAPL,230.42880766374827,232.0129522601839,228.50591803460907,229.71145629882812,39402600
2025-08-20 00:00:00-04:00,AAPL,229.13358225147155,229.6217843388592,224.93908515924198,225.17819213867188,42263900
2025-08-21 00:00:00-04:00,AAPL,225.43724912794482,225.68632903786573,222.9564077521854,224.07228088378906,30621200
2025-08-22 00:00:00-04:00,AAPL,225.33760837029214,228.2468598588307,224.58041092619504,226.9217529296875,42477800
2025-08-25 00:00:00-04:00,AAPL,225.64648455731327,228.45611344789907,225.39740462882727,226.32398986816406,30983100
2025-08-26 00:00:00-04:00,AAPL,226.03501179732243,228.64537936019502,223.8630424721864,228.46603393554688,54575100
2025-08-27 00:00:00-04:00,AAPL,227.7686378094015,230.05020313892598,227.41991984776428,229.6417236328125,31259500
2025-08-28 00:00:00-04:00,AAPL,229.9704999102399,232.55096405412047,228.4959359400532,231.70408630371094,38074700
2025-08-29 00:00:00-04:00,AAPL,231.65424737322112,232.52105569809,230.5184437223928,231.28561401367188,39418400
2025-09-02 00:00:00-04:00,AAPL,228.4062708029861,230.00038826150748,226.1346633063032,228.87454223632812,44075600
2025-09-03 00:00:00-04:00,AAPL,236.33698891571112,237.9709525201245,233.49747185558658,237.59234619140625,66427800
2025-09-04 00:00:00-04:00,AAPL,237.57241502764154,239.01707546456905,235.86871695735925,238.89752197265625,47549400
2025-09-05 00:00:00-04:00,AAPL,239.11668743272676,240.43183651086895,237.61225041390915,238.80783081054688,54870400
2025-09-08 00:00:00-04:00,AAPL,238.41927329094256,239.2661357937392,235.4701607098454,237.00450134277344,48999500
2025-09-09 00:00:00-04:00,AAPL,236.12774389612645,237.90119155812317,232.5011411802574,233.4875030517578,66313900
2025-09-10 00:00:00-04:00,AAPL,231.33545739080094,231.56460664903227,225.118417424808,225.955322265625,83440800
2025-09-11 00:00:00-04:00,AAPL,226.04500979013486,229.60186307827533,225.81584532196928,229.18341064453125,50208600
2025-09-12 00:00:00-04:00,AAPL,228.37637066624734,233.6468944473401,228.17710979485463,233.20852661132812,55824200
2025-09-15 00:00:00-04:00,AAPL,236.12775635652346,237.31337916896246,234.16500543557729,235.828857421875,42699500
2025-09-16 00:00:00-04:00,AAPL,236.30708253667353,240.33222235518573,235.45026224943368,237.2735137939453,63421100
2025-09-17 00:00:00-04:00,AAPL,238.09051246512186,239.21635855568803,236.85507060288438,238.11044311523438,46508000
2025-09-18 00:00:00-04:00,AAPL,239.0868055705458,240.31227437025743,235.77901734043184,237.00450134277344,44249600
2025-09-19 00:00:00-04:00,AAPL,240.34217704154452,245.3935247988757,239.32594197772087,244.59646606445312,163741300
2025-09-22 00:00:00-04:00,AAPL,247.38614726921998,255.6954638689992,247.20680184487878,255.1374969482422,105517400
2025-09-23 00:00:00-04:00,AAPL,254.9382669065294,256.3928850249964,252.64672876089196,253.49359130859375,60275200
2025-09-24 00:00:00-04:00,AAPL,254.2807025242173,254.79879299943292,250.11607847800005,251.38140869140625,42303700
2025-09-25 00:00:00-04:00,AAPL,252.27808820484515,256.22352044118514,250.7836088309123,255.9246063232422,55202100
2025-09-26 00:00:00-04:00,AAPL,253.16481067495934,256.6519291955366,252.84598111295833,254.51980590820312,46076300
2025-09-29 00:00:00-04:00,AAPL,253.62311772285494,254.06150078407975,252.07881928540593,253.49359130859375,40127700
2025-09-30 00:00:00-04:00,AAPL,253.92202035086734,254.97811672142575,252.17846100632588,253.69287109375,37704300
2025-10-01 00:00:00-04:00,AAPL,254.10134722927504,257.83756097799323,253.9917514638179,254.5098419189453,48713900
2025-10-02 00:00:00-04:00,AAPL,255.63566078088252,257.229778167004,253.21461153357077,256.18365478515625,42630200
2025-10-03 00:00:00-04:00,AAPL,253.73268185864376,258.2858540075867,253.01533061199513,257.0703430175781,49155600
2025-10-06 00:00:00-04:00,AAPL,257.0404730386864,258.11651518827176,254.11130630837613,255.74526977539062,44664100
2025-10-07 00:00:00-04:00,AAPL,255.86485915808862,256.4526841311554,254.48993311029045,255.5360870361328,31955800
2025-10-08 00:00:00-04:00,AAPL,255.5758888188916,257.56852798749276,255.16739414069707,257.1102294921875,36496900
2025-10-09 00:00:00-04:00,AAPL,256.8611554198282,257.0504585775582,252.2083446799687,253.1050262451172,38322000
2025-10-10 00:00:00-04:00,AAPL,254.00171816056968,255.436420799504,243.10197943699816,244.3673095703125,61999100
2025-10-13 00:00:00-04:00,AAPL,248.46219085423505,248.7710475029622,244.6562426215344,246.74851989746094,38142900
2025-10-14 00:00:00-04:00,AAPL,245.69241642712313,247.93413549962378,243.79940008876653,246.8581085205078,35478000
2025-10-15 00:00:00-04:00,AAPL,248.57178982967116,250.89321639065437,246.559219921403,248.42233276367188,33893600
2025-10-16 00:00:00-04:00,AAPL,247.33635013275978,248.1234359576197,244.22783772705108,246.53929138183594,39777000
2025-10-17 00:00:00-04:00,AAPL,247.1072067041429,252.4474806979352,246.3599669580113,251.36148071289062,49147000
2025-10-20 00:00:00-04:00,AAPL,254.94822099113512,263.4069798400544,254.68918336894043,261.27484130859375,90483000
2025-10-21 00:00:00-04:00,AAPL,260.9161783410852,264.3136317818121,260.86634411857244,261.8028869628906,46695900
2025-10-22 00:00:00-04:00,AAPL,261.6833338430701,261.882609922878,254.4899051977633,257.4988098144531,45015300
2025-10-23 00:00:00-04:00,AAPL,258.98332466328685,259.6608147081683,257.0604350924048,258.6246337890625,32754900
2025-10-24 00:00:00-04:00,AAPL,260.2287163700197,263.15789839957887,258.22610426270086,261.85272216796875,38253700
2025-10-27 00:00:00-04:00,AAPL,263.90514984178776,268.1295353654346,263.67598537979285,267.8206787109375,44888200
2025-10-28 00:00:00-04:00,AAPL,267.9999758056659,268.896687690681,267.16307106420925,268.00994873046875,41534800
2025-10-29 00:00:00-04:00,AAPL,268.28892986747474,270.4110953948544,266.1269030442272,268.7073974609375,51086700
2025-10-30 00:00:00-04:00,AAPL,270.98897852374654,273.131090148023,267.49191714200913,270.4011535644531,69886500
2025-10-31 00:00:00-04:00,AAPL,275.9705701844509,276.29937269597025,268.16940070155243,269.37493896484375,86167100
2025-11-03 00:00:00-05:00,AAPL,269.42476736726525,269.8531775103368,265.2701011373342,268.0597839355469,50194600
2025-11-04 00:00:00-05:00,AAPL,267.3424445625432,270.49081837885313,266.6350661079627,269.0461730957031,49274800
2025-11-05 00:00:00-05:00,AAPL,267.6214146886098,270.7000692568828,265.94760492323326,269.14581298828125,43683100
2025-11-06 00:00:00-05:00,AAPL,266.90407480138714,272.3937751745226,266.90407480138714,268.7771301269531,51204000
2025-11-07 00:00:00-05:00,AAPL,268.8069946610708,271.28785094446636,265.78814772800683,267.4819030761719,48227400
2025-11-10 00:00:00-05:00,AAPL,268.2298525605972,272.98692304032335,266.733924572705,268.6985778808594,41312400
2025-11-11 00:00:00-05:00,AAPL,269.07757258136417,275.16101963639426,269.0675899882029,274.5028076171875,46208300
2025-11-12 00:00:00-05:00,AAPL,274.2535066981436,274.9815360542478,270.9624767916609,272.7276611328125,48398000
2025-11-13 00:00:00-05:00,AAPL,273.36590026791555,275.9488963676571,271.3513946141157,272.2090759277344,49602800
2025-11-14 00:00:00-05:00,AAPL,270.31420819279356,275.21088338895913,268.8681625557137,271.6705322265625,47431300
2025-11-17 00:00:00-05:00,AAPL,268.0903024129557,269.75575219797963,265.00869378967747,266.7339782714844,45018300
2025-11-18 00:00:00-05:00,AAPL,269.25705465795,269.97510130800674,264.59974924229334,266.7139892578125,45677300
2025-11-19 00:00:00-05:00,AAPL,264.80921977983166,271.47107967039307,264.77930243197466,267.83099365234375,40424500
2025-11-20 00:00:00-05:00,AAPL,270.09480618650156,274.68232536305425,265.1981613886433,265.5272521972656,45823600
2025-11-21 00:00:00-05:00,AAPL,265.2280517805383,272.5879921198442,264.9488130991126,270.75299072265625,59030800
2025-11-24 00:00:00-05:00,AAPL,270.164627965921,276.24807542504453,270.164627965921,275.1710205078125,65585800
2025-11-25 00:00:00-05:00,AAPL,274.52274228722064,279.6188865292943,274.5028075356392,276.2181396484375,46914200
2025-11-26 00:00:00-05:00,AAPL,276.2081750495132,278.7712060098946,275.8790842359358,276.79656982421875,33431400
2025-11-28 00:00:00-05:00,AAPL,276.50736791500816,278.242634823177,275.2407959413455,278.0930480957031,20135600
2025-12-01 00:00:00-05:00,AAPL,277.255303275414,282.650620542313,275.390384584981,282.33148193359375,46587700
2025-12-02 00:00:00-05:00,AAPL,282.231773534172,286.619823290159,281.86278279875575,285.4131164550781,53669500
2025-12-03 00:00:00-05:00,AAPL,285.4231155973949,287.8365294074879,282.5309633672564,283.378662109375,43538700
2025-12-04 00:00:00-05:00,AAPL,283.32881389666403,283.9571086251454,277.8337611056945,279.93804931640625,43989100
2025-12-05 00:00:00-05:00,AAPL,279.77845592816414,280.37683325787106,277.2951945750906,278.0232238769531,47265800
2025-12-08 00:00:00-05:00,AAPL,277.374989388386,278.9108174051644,275.4003533668138,277.1356506347656,38211800
2025-12-09 00:00:00-05:00,AAPL,277.4049018876359,279.26982065807096,276.16827776921565,276.42755126953125,32193300
2025-12-10 00:00:00-05:00,AAPL,276.9960211276047,278.9905919368044,275.68957968235776,278.0232238769531,33038300
2025-12-11 00:00:00-05:00,AAPL,278.342340640522,278.83100071126506,273.06669274298736,277.2752380371094,33248000
2025-12-12 00:00:00-05:00,AAPL,277.14562382282355,278.4620479370953,276.0685689150702,277.52459716796875,39532900
2025-12-15 00:00:00-05:00,AAPL,279.3894873363706,279.3894873363706,272.0993337942639,273.3658752441406,50409100
2025-12-16 00:00:00-05:00,AAPL,272.07941349564567,274.752131096348,271.0522107383373,273.8645324707031,37648600
2025-12-17 00:00:00-05:00,AAPL,274.2634896625032,275.41036187784255,270.9026424636208,271.1020812988281,50138700
2025-12-18 00:00:00-05:00,AAPL,272.86723904028526,272.8872042261758,266.22534517191764,271.45111083984375,51630700
2025-12-19 00:00:00-05:00,AAPL,271.41126100078174,273.854622814086,269.1673684747946,272.9271545410156,144632000
2025-12-22 00:00:00-05:00,AAPL,272.1192896847017,273.13654030849926,269.7756932559407,270.23443603515625,36571800
2025-12-23 00:00:00-05:00,AAPL,270.1048034873943,271.7603010837797,268.8282792538215,271.62066650390625,29642000
2025-12-24 00:00:00-05:00,AAPL,271.60070067851706,274.6823088952694,271.46109654935304,273.06671142578125,17910600
2025-12-26 00:00:00-05:00,AAPL,273.41578359787746,274.6224904749486,272.11929424741834,272.6578369140625,21521800
2025-12-29 00:00:00-05:00,AAPL,271.9497734782625,273.61522314661676,271.6107000753325,273.0168762207031,23715200
2025-12-30 00:00:00-05:00,AAPL,272.06942798009953,273.3359694836473,271.54086793463244,272.33868408203125,22139600
2025-12-31 00:00:00-05:00,AAPL,272.3187639976345,272.9370761103812,271.0123224859311,271.12200927734375,27293600
2026-01-02 00:00:00-05:00,AAPL,271.52095990203577,277.0857995993762,268.26979943372277,270.27435302734375,37838100
2026-01-05 00:00:00-05:00,AAPL,269.9053759278346,270.7730094869922,265.41759095171795,266.5345458984375,45647200
2026-01-06 00:00:00-05:00,AAPL,266.2751846804448,266.8236794412865,261.4084273717842,261.64776611328125,52352100
2026-01-07 00:00:00-05:00,AAPL,262.485556491205,262.96423405428067,259.10474402829175,259.6233215332031,48309800
2026-01-08 00:00:00-05:00,AAPL,256.32231677215987,258.5861744106298,255.00590778144198,258.33685302734375,50419300
2026-01-09 00:00:00-05:00,AAPL,258.3767027680543,259.5036402038468,255.52448097015204,258.6659240722656,39997000
2026-01-12 00:00:00-05:00,AAPL,258.45648066308013,260.5906555331263,256.1028713590674,259.54351806640625,45263800
2026-01-13 00:00:00-05:00,AAPL,258.01770778709204,261.0993163539261,257.68861696081353,260.34136962890625,45730800
2026-01-14 00:00:00-05:00,AAPL,258.78560808748875,261.10930037675524,256.0131555781144,259.25433349609375,40019400
2026-01-15 00:00:00-05:00,AAPL,259.9424426175537,260.3313985459844,256.35220896361545,257.5090637207031,39388600
2026-01-16 00:00:00-05:00,AAPL,257.19992653146244,258.1972120398704,254.23798735410128,254.83636474609375,72142800
2026-01-20 00:00:00-05:00,AAPL,252.04394930256512,254.09835490933511,242.75922413209136,246.0303192138672,80267500
2026-01-21 00:00:00-05:00,AAPL,248.02490552393743,250.8771427168815,244.51445623630568,246.97775268554688,54641700
2026-01-22 00:00:00-05:00,AAPL,248.52352576906395,250.31864258405668,247.47637302553753,247.67584228515625,39708300
2026-01-23 00:00:00-05:00,AAPL,246.6486524137701,248.7329754164565,244.01580413580567,247.36668395996094,41689000
2026-01-26 00:00:00-05:00,AAPL,250.7973351598156,255.86354695988197,249.12190294519746,254.7166748046875,55969200
2026-01-27 00:00:00-05:00,AAPL,258.4664899667647,261.2389423700868,257.5090739976807,257.56890869140625,49648300
2026-01-28 00:00:00-05:00,AAPL,256.9505880888889,258.1572949521919,253.81911240916085,255.74388122558594,41288000
2026-01-29 00:00:00-05:00,AAPL,257.2996187429542,258.9451334735496,253.71936801028804,257.578857421875,67253000
2026-01-30 00:00:00-05:00,AAPL,254.47732177254832,261.1890484668085,251.49543285360957,258.775634765625,92443400
2026-02-02 00:00:00-05:00,AAPL,259.3241487899344,269.7557466562268,258.50636737104884,269.2770690917969,73913400
2026-02-03 00:00:00-05:00,AAPL,268.4692659190308,271.1419837262723,266.88355520832346,268.7485046386719,64394700
2026-02-04 00:00:00-05:00,AAPL,271.5508603406617,278.19278500760885,271.5508603406617,275.73944091796875,90545700
2026-02-05 00:00:00-05:00,AAPL,277.3749854862336,278.7412615768201,272.48829324857786,275.1610107421875,52977400
2026-02-06 00:00:00-05:00,AAPL,276.36776572322356,280.1474864654567,276.1782790346459,277.36505126953125,50453400
2026-02-09 00:00:00-05:00,AAPL,277.41494619870406,277.70443813431814,271.2160169672847,274.13079833984375,44623400
2026-02-10 00:00:00-05:00,AAPL,274.40031021957236,274.87943562430115,272.4537718732244,273.19244384765625,34376900
2026-02-11 00:00:00-05:00,AAPL,274.2106536370846,279.6808719096702,273.9610989943363,275.00921630859375,51931300
2026-02-12 00:00:00-05:00,AAPL,275.0990585104662,275.22883180172755,259.71650632997444,261.2637634277344,81077200
2026-02-13 00:00:00-05:00,AAPL,261.5432690161623,261.7628783299504,254.9949421084194,255.32435607910156,56290700
2026-02-17 00:00:00-05:00,AAPL,257.5903108294174,265.8156532326085,255.08478749757862,263.4099426269531,58469100
2026-02-18 00:00:00-05:00,AAPL,263.13045584681157,266.3447212846438,261.9825104325609,263.8791198730469,34203300
2026-02-19 00:00:00-05:00,AAPL,262.13220471573277,264.00886051677537,259.5867290635135,260.11578369140625,30845300
2026-02-20 00:00:00-05:00,AAPL,258.50868117461044,264.2783836675007,257.7001265171608,264.1086730957031,42070500
2026-02-23 00:00:00-05:00,AAPL,263.0206001676805,268.95002088588865,262.91081074777924,265.705810546875,37308200
2026-02-24 00:00:00-05:00,AAPL,267.38283777638213,274.4003442568012,267.233111068832,271.6552429199219,47014600
2026-02-25 00:00:00-05:00,AAPL,271.29586819299504,274.45024283739696,270.567157599074,273.74151611328125,33714300
2026-02-26 00:00:00-05:00,AAPL,274.4602128097023,275.61811956353745,270.31758130113775,272.4637756347656,32345100
2026-02-27 00:00:00-05:00,AAPL,272.3240439665745,272.3240439665745,262.4217314181026,263.70941162109375,72366500
2026-03-02 00:00:00-05:00,AAPL,261.94253069595567,266.05518620599753,259.73647625260065,264.2484130859375,41827900
2026-03-03 00:00:00-05:00,AAPL,263.0106738027697,265.08695529305965,259.6666350681776,263.2801818847656,38568900
2026-03-04 00:00:00-05:00,AAPL,264.17854815272653,265.67587606267574,260.95432154975975,262.0523376464844,39803100
2026-03-05 00:00:00-05:00,AAPL,260.3254337562426,261.09405110124777,256.79173142961054,259.8263244628906,49658600
2026-03-06 00:00:00-05:00,AAPL,258.16927189629365,258.3090066542827,253.916851068475,257.0013427734375,41120000
2026-03-09 00:00:00-04:00,AAPL,255.2345148744848,260.68477987096253,253.22808575123491,259.41705322265625,38218500
2026-03-10 00:00:00-04:00,AAPL,257.19102845716964,262.01244158439727,256.4922936817907,260.3653564453125,30590800
2026-03-11 00:00:00-04:00,AAPL,260.624897946549,261.6630538494394,259.08763272962494,260.34539794921875,26218900
2026-03-12 00:00:00-04:00,AAPL,258.1992408199258,258.48873275942157,253.7272102811576,255.3043975830078,40794000
2026-03-13 00:00:00-04:00,AAPL,255.024890934378,255.87336762960538,249.07551643845036,249.6744384765625,36930000
2026-03-16 00:00:00-04:00,AAPL,251.66090222791988,253.43773019062647,249.4348789230203,252.36964416503906,32074200
2026-03-17 00:00:00-04:00,AAPL,252.5093881906664,254.67552076289968,251.7307636559193,253.77711486816406,32361600
2026-03-18 00:00:00-04:00,AAPL,252.1799767808244,254.48585937367065,248.55643828829037,249.49476623535156,35757900
2026-03-19 00:00:00-04:00,AAPL,248.95572868612365,251.38140795985734,246.85947863088072,248.5165252685547,34864100
2026-03-20 00:00:00-04:00,AAPL,247.53824109812177,248.75606899357115,245.56177255944445,247.54823303222656,88331100
2026-03-23 00:00:00-04:00,AAPL,253.51758537106093,254.14646797882926,249.83415620831627,251.04200744628906,40546100
2026-03-24 00:00:00-04:00,AAPL,249.90403139868116,254.37604644028636,249.10545347620703,251.1917266845703,45152300
2026-03-25 00:00:00-04:00,AAPL,253.6473574345128,254.5457480998694,251.15181088451408,252.16998291015625,28476700
2026-03-26 00:00:00-04:00,AAPL,251.67088153367666,256.5421934269488,250.32329549316128,252.43951416015625,41796700
2026-03-27 00:00:00-04:00,AAPL,253.4477020992108,255.03488128462607,247.6281009352486,248.35679626464844,47900000
2026-03-30 00:00:00-04:00,AAPL,249.62453299565456,250.4230956915925,245.07264337813007,246.19065856933594,39446200
2026-03-31 00:00:00-04:00,AAPL,247.4683905467953,255.02489784868362,246.65983587287727,253.33790588378906,49598100
2026-04-01 00:00:00-04:00,AAPL,253.6273948962928,255.72364490973627,252.8787309132899,255.1746368408203,40059400
2026-04-02 00:00:00-04:00,AAPL,253.74717405681358,255.6737439434535,250.20349485503914,255.464111328125,31289400
2026-04-06 00:00:00-04:00,AAPL,256.0530752925303,261.6930045642991,256.0031460821725,258.39886474609375,29329900
2026-04-07 00:00:00-04:00,AAPL,255.70368128016966,255.7436185540334,245.2623079794448,253.0484161376953,62148000
2026-04-08 00:00:00-04:00,AAPL,257.9896321241455,259.28730423338584,256.07303883918246,258.4388122558594,41032800
2026-04-09 00:00:00-04:00,AAPL,258.5386343954405,260.6548530924392,255.61386101634736,260.0259704589844,28121600
2026-04-10 00:00:00-04:00,AAPL,259.5168819122501,261.7229364827484,258.5585701252562,260.0159912109375,31291500
2026-04-13 00:00:00-04:00,AAPL,259.2673359057164,259.71651601158027,256.2027973984465,258.73828125,36234700
2026-04-14 00:00:00-04:00,AAPL,258.7881922504944,261.4634109961452,256.7318642110386,258.3689270019531,48370700
2026-04-15 00:00:00-04:00,AAPL,257.7001261657452,266.08515659729386,257.35074355126085,265.95538330078125,49913500
2026-04-16 00:00:00-04:00,AAPL,266.3247234477873,266.68409800240715,260.80457553569033,262.9307861328125,43323100
2026-04-17 00:00:00-04:00,AAPL,266.4844323486072,271.8149160854778,266.24486962975914,269.7486267089844,61436200
2026-04-20 00:00:00-04:00,AAPL,269.84841238867654,273.7913879220191,269.80850557942483,272.5635681152344,36590200
2026-04-21 00:00:00-04:00,AAPL,271.0163536236942,272.3140256362382,264.9272139873882,265.69586181640625,50209800
2026-04-22 00:00:00-04:00,AAPL,267.3429346055621,273.2523721409737,266.39461467279705,272.68341064453125,43249200
2026-04-23 00:00:00-04:00,AAPL,274.56001085217736,275.2787294551341,271.1660737405759,272.9429016113281,33399600
2026-04-24 00:00:00-04:00,AAPL,272.2741016414235,272.5735550213531,269.16962610782736,270.5771179199219,38157100
2026-04-27 00:00:00-04:00,AAPL,265.6159889280984,267.88193422863776,264.59781690250213,267.1332702636719,41466800
2026-04-28 00:00:00-04:00,AAPL,271.8548539018017,272.7432830913257,268.181416710472,270.2277526855469,40018900
2026-04-29 00:00:00-04:00,AAPL,267.07336249706583,270.55716597281076,266.56429174844374,269.688720703125,30047900
2026-04-30 00:00:00-04:00,AAPL,270.018146234023,275.50834883767226,267.6623648300734,270.86663818359375,91848200
2026-05-01 00:00:00-04:00,AAPL,278.3632420760759,286.70836594964845,277.8741246788477,279.6409912109375,79915400
2026-05-04 00:00:00-04:00,AAPL,279.16179801165765,280.13007120517506,274.3703307853319,276.3368225097656,46668400
2026-05-05 00:00:00-04:00,AAPL,276.43668191704,284.0630869835518,276.00745521106614,283.67376708984375,49311700
2026-05-06 00:00:00-04:00,AAPL,281.4178249779708,287.5169265187869,280.5693330033821,286.99786376953125,58336100
2026-05-07 00:00:00-04:00,AAPL,288.75470528792926,291.6096265406606,285.2709318587503,286.927978515625,45224300
2026-05-08 00:00:00-04:00,AAPL,289.49338424193445,294.2349225642168,289.48339230776435,292.7974853515625,52692800
2026-05-11 00:00:00-04:00,AAPL,291.72841688276577,293.6267735875138,289.979924827367,292.42779541015625,42247300
2026-05-12 00:00:00-04:00,AAPL,292.3078994315659,295.0155556946294,292.3078994315659,294.54595947265625,45748100
2026-05-13 00:00:00-04:00,AAPL,293.24708951115105,300.6607090744109,293.24708951115105,298.6124572753906,52684300
2026-05-14 00:00:00-04:00,AAPL,299.5616620172475,300.1911240450107,295.12548538387824,297.9530334472656,35324900
2026-05-15 00:00:00-04:00,AAPL,297.643304079477,302.93875555297063,296.26448829773227,299.9713134765625,54862800
2026-05-18 00:00:00-04:00,AAPL,299.98126929450746,300.4009207908792,294.6558756451712,297.5833435058594,34483000
2026-05-19 00:00:00-04:00,AAPL,296.7140952726279,300.2510533099592,296.09463441963413,298.7123718261719,42243600
2026-05-20 00:00:00-04:00,AAPL,297.9230626302997,302.5390768782648,297.82314269813475,301.98956298828125,38229800
2026-05-21 00:00:00-04:00,AAPL,300.80056674721834,305.27671719779084,300.1411318265125,304.7271728515625,42965100
2026-05-22 00:00:00-04:00,AAPL,305.85620846339293,311.13165741506583,305.57645096183757,308.55389404296875,43670200
2026-05-26 00:00:00-04:00,AAPL,309.29325163060713,311.5513139598484,307.4048960873393,308.0643005371094,48000500
2026-05-27 00:00:00-04:00,AAPL,308.0643052358437,312.9900803339556,308.0343323058515,310.5821533203125,50430900
2026-05-28 00:00:00-04:00,AAPL,310.412282475935,312.5304508120942,309.30325358892543,312.24072265625,48220400
2026-05-29 00:00:00-04:00,AAPL,311.5113496628706,314.7285763294451,309.2632884033746,311.7911071777344,70026800
2026-06-01 00:00:00-04:00,AAPL,309.363197507879,310.67206624496237,304.7571540774977,306.0460510253906,48849900
2026-06-02 00:00:00-04:00,AAPL,307.1950545511415,315.1781903378333,306.42572903356995,314.92840576171875,44534700
2026-06-03 00:00:00-04:00,AAPL,313.9092501546009,316.6668815001487,308.5838566628498,309.9926452636719,50836700
2026-06-04 00:00:00-04:00,AAPL,312.96009909963743,313.26982953176514,309.38316692864953,310.9618225097656,44869100
2026-06-05 00:00:00-04:00,AAPL,312.5903972939029,314.8984348439246,306.8853260765596,307.0751647949219,65310500
2026-06-08 00:00:00-04:00,AAPL,308.4739595974908,317.1265012321255,300.9105055796523,301.2801818847656,77949100
2026-06-09 00:00:00-04:00,AAPL,300.0212482417878,300.4908444635933,287.5320194610898,290.29962158203125,70108800
2026-06-10 00:00:00-04:00,AAPL,290.4894628291428,294.4960172141002,287.1323727394638,291.3287353515625,52793300
2026-06-11 00:00:00-04:00,AAPL,293.4668864344149,296.7440586571729,289.3404406054596,295.375244140625,42572500
2026-06-12 00:00:00-04:00,AAPL,295.7749221682621,296.88398158337014,289.3704417369658,290.879150390625,38742100
2026-06-15 00:00:00-04:00,AAPL,293.8665449684006,297.5233947188816,291.4486474146935,296.1645812988281,45732600
2026-06-16 00:00:00-04:00,AAPL,294.99559499590845,300.2210994929347,293.71669913987887,298.9821472167969,39874400
2026-06-17 00:00:00-04:00,AAPL,300.59074812548096,301.8096980081642,294.10632015937927,295.6949768066406,42745100
2026-06-18 00:00:00-04:00,AAPL,297.8530937792582,300.31099586682666,295.3652492546472,297.7532043457031,85962200
2026-06-22 00:00:00-04:00,AAPL,297.05381866220307,302.1594314563154,296.5043047694293,296.75408935546875,44879900
2026-06-23 00:00:00-04:00,AAPL,297.2836155142734,301.3800886038737,293.9264950024863,294.04638671875,52010900
2026-06-24 00:00:00-04:00,AAPL,295.1054570720635,299.4417438827621,292.68755959702736,292.8274230957031,53081900
2026-06-25 00:00:00-04:00,AAPL,287.1523472601469,288.55113481081804,273.5141152813601,274.91290283203125,107013700
2026-06-26 00:00:00-04:00,AAPL,274.7630284991681,285.70360492137456,273.9737007161028,283.53546142578125,261775500
2026-06-29 00:00:00-04:00,AAPL,286.4829438934296,288.12151489662153,279.6088673150861,281.4972229003906,66427000
2026-06-30 00:00:00-04:00,AAPL,280.9277417485351,289.69017405322865,280.45814550695326,289.11065673828125,65100200
2026-07-01 00:00:00-04:00,AAPL,293.1871503157195,296.33442991747245,288.95081360688545,294.1263427734375,50164200
2026-07-02 00:00:00-04:00,AAPL,293.866538367699,309.15337194761725,293.4269150966668,308.3640441894531,75352800
2026-07-06 00:00:00-04:00,AAPL,307.0951430290638,313.9292760509671,306.7354678654279,312.3905944824219,53590000
2026-07-07 00:00:00-04:00,AAPL,315.0183186077797,315.20815732134815,309.88273318392555,310.3923034667969,42490000
2026-07-08 00:00:00-04:00,AAPL,311.6412289475945,314.5487250421545,306.7854009831778,313.1199645996094,41323500
2026-07-09 00:00:00-04:00,AAPL,310.24243869469103,316.2572401947346,307.8944576262147,315.947509765625,48124500
2026-07-10 00:00:00-04:00,AAPL,314.4488202226986,316.6369356310425,311.9010296470402,315.0483093261719,34132300
2026-07-13 00:00:00-04:00,AAPL,316.7468014245228,323.171283634363,315.5078797345754,317.03656005859375,43257800
2026-07-14 00:00:00-04:00,AAPL,313.48965629761443,315.91755515351207,311.64124426456783,314.58868408203125,36336800
2026-07-15 00:00:00-04:00,AAPL,317.34631234952286,328.44675508114506,317.0465830462295,327.2178039550781,60957600
2026-07-16 00:00:00-04:00,AAPL,327.72736328456057,334.3915986652446,326.50841333986017,332.97283935546875,62970600
2026-07-17 00:00:00-04:00,AAPL,331.693929977533,334.7013154010385,328.71648699084636,333.452392578125,63407100
2026-07-20 00:00:00-04:00,AAPL,333.2226134619852,333.4224228207836,323.4010672140761,326.3085632324219,53468000
2026-07-21 00:00:00-04:00,AAPL,322.85156758462244,329.3159936819017,321.94234806189104,327.45758056640625,41338900
2026-07-22 00:00:00-04:00,AAPL,327.58746619388995,328.7164973399543,323.0613709608057,325.60919189453125,38755900
2026-07-23 00:00:00-04:00,AAPL,321.4527900194849,323.0214140443725,319.0748358849152,321.3828430175781,40840800
2026-07-24 00:00:00-04:00,AAPL,321.5127284115298,334.0818750563203,321.3428614810286,332.7330322265625,47489400
2026-07-27 00:00:00-04:00,AAPL,334.2517370375488,339.277401491225,333.73216560461384,336.61968994140625,49604300
2026-07-28 00:00:00-04:00,AAPL,339.73698155301014,342.59453283396704,335.31080637618777,339.78692626953125,51859000
2026-07-29 00:00:00-04:00,AAPL,339.43727163464206,344.2730974331505,337.0593175600121,337.8985900878906,56090800
2026-07-30 00:00:00-04:00,AAPL,332.8129674612056,334.4615395264105,329.30598233808786,333.1426696777344,74817800
2026-07-31 00:00:00-04:00,AAPL,304.54735603914753,310.4222943774597,299.7415030462749,308.6438293457031,132489100
2026-08-03 00:00:00-04:00,AAPL,309.313234694189,311.5313230344714,302.29929450581176,303.1585693359375,75052000
2026-08-04 00:00:00-04:00,AAPL,302.46913991298527,310.1525156602479,301.0603512911937,309.1134033203125,68001000
2026-08-05 00:00:00-04:00,AAPL,309.09342362565195,311.4414048335362,305.40663118634393,310.7320251464844,49438800
2026-08-06 00:00:00-04:00,AAPL,314.06913775686996,316.0174696892129,308.96355554648414,312.14080810546875,46139900
2026-08-07 00:00:00-04:00,AAPL,311.1816431226555,314.53873325457766,310.47223295908327,313.05999755859375,34437200
2026-08-10 00:00:00-04:00,AAPL,306.8299865722656,308.260009765625,304.6099853515625,308.260009765625,44812500
2026-08-11 00:00:00-04:00,AAPL,307.75,309.9700012207031,302.7900085449219,304.9100036621094,37476700
2026-08-12 00:00:00-04:00,AAPL,305.1000061035156,305.6600036621094,300.57000732421875,302.25,41657800
2026-08-13 00:00:00-04:00,AAPL,304.2099914550781,306.0,302.04998779296875,305.260009765625,40349300
2026-08-14 00:00:00-04:00,AAPL,306.0,307.489990234375,304.29998779296875,305.92999267578125,28229400
2026-08-17 00:00:00-04:00,AAPL,306.2099914550781,307.6600036621094,302.94000244140625,305.5899963378906,38169300
2026-08-18 00:00:00-04:00,AAPL,307.5799865722656,311.489990234375,305.739990234375,310.0299987792969,53424500
2026-08-19 00:00:00-04:00,AAPL,310.1400146484375,319.2799987792969,309.6000061035156,316.8299865722656,50505600
2026-08-20 00:00:00-04:00,AAPL,317.4599914550781,320.2799987792969,310.6499938964844,311.29998779296875,40959200
2026-08-21 00:00:00-04:00,AAPL,312.04998779296875,312.3800048828125,307.010009765625,309.3500061035156,46876800
2026-08-24 00:00:00-04:00,AAPL,311.4700012207031,313.3599853515625,309.9700012207031,310.3399963378906,34673600
2026-08-25 00:00:00-04:00,AAPL,310.7900085449219,313.5899963378906,308.2099914550781,309.8999938964844,25869800
2026-08-26 00:00:00-04:00,AAPL,310.29998779296875,315.42999267578125,308.79998779296875,313.45001220703125,34024500
2026-08-27 00:00:00-04:00,AAPL,310.54998779296875,315.3999938964844,309.3999938964844,314.5799865722656,32419200
2026-08-28 00:00:00-04:00,AAPL,316.8500061035156,322.3699951171875,315.45001220703125,319.70001220703125,38649400
2026-08-31 00:00:00-04:00,AAPL,319.6000061035156,321.239990234375,312.79998779296875,316.8500061035156,41242700
2026-09-01 00:00:00-04:00,AAPL,316.9800109863281,327.29998779296875,314.7300109863281,325.1300048828125,53167400
2026-09-02 00:00:00-04:00,AAPL,326.8699951171875,328.3999938964844,323.5299987792969,324.9599914550781,33776400
2026-09-03 00:00:00-04:00,AAPL,324.8699951171875,330.80999755859375,324.1099853515625,328.2099914550781,37225800
2026-09-04 00:00:00-04:00,AAPL,328.30999755859375,328.92999267578125,317.8599853515625,319.9700012207031,39606900
2026-09-08 00:00:00-04:00,AAPL,317.1000061035156,320.70001220703125,314.8999938964844,316.2200012207031,35477100
2026-09-09 00:00:00-04:00,AAPL,315.489990234375,319.1499938964844,309.8999938964844,315.3399963378906,65371600
2024-09-10 00:00:00-04:00,MSFT,401.85200481793703,409.855548179251,401.3597804269513,407.7586975097656,19594300
2024-09-11 00:00:00-04:00,MSFT,409.03843011648604,417.39638986900843,403.21048066101315,416.461181640625,19266900
2024-09-12 00:00:00-04:00,MSFT,416.72697057085117,420.7238298297295,413.2223356546228,420.3595886230469,17395700
2024-09-13 00:00:00-04:00,MSFT,419.20778281644255,425.11447510259467,418.84354159900835,423.8937683105469,15874600
2024-09-16 00:00:00-04:00,MSFT,423.9035976857479,426.7880250402565,421.5606050753592,424.632080078125,13834700
2024-09-17 00:00:00-04:00,MSFT,433.3838900790578,434.9786922694464,425.54765628869114,428.38287353515625,18874200
2024-09-18 00:00:00-04:00,MSFT,428.2351941115192,429.2491750935579,423.71657808226,424.1103515625,18898000
2024-09-19 00:00:00-04:00,MSFT,434.36830593406904,434.63409626466625,430.1056262859268,431.8677978515625,21706600
2024-09-20 00:00:00-04:00,MSFT,430.4206328981448,432.409208323067,427.4672869965637,428.5009460449219,55167100
2024-09-23 00:00:00-04:00,MSFT,427.52638627626743,429.67247726227924,423.6968964015023,426.76837158203125,15128900
2024-09-24 00:00:00-04:00,MSFT,426.26630559260894,426.61086866115505,419.4736152765213,422.4958801269531,17015800
2024-09-25 00:00:00-04:00,MSFT,423.14559476109406,426.3844395741606,421.90520976014716,425.39013671875,13396400
2024-09-26 00:00:00-04:00,MSFT,428.3237537072511,428.53047950890726,422.45644824495844,424.6025390625,14492000
2024-09-27 00:00:00-04:00,MSFT,424.8093096047705,425.1341945131492,420.82230422369577,421.3637390136719,14896100
2024-09-30 00:00:00-04:00,MSFT,421.55078212730024,423.7264354508624,418.75495134014767,423.6082763671875,16807300
2024-10-01 00:00:00-04:00,MSFT,421.78706729834266,421.81659955830685,412.2969671899716,414.1477355957031,19092900
2024-10-02 00:00:00-04:00,MSFT,416.0082934736332,416.2445815766932,410.22958475813624,410.64306640625,16582300
2024-10-03 00:00:00-04:00,MSFT,411.1352707030125,413.02539517750694,407.8472160075386,410.0622253417969,13686400
2024-10-04 00:00:00-04:00,MSFT,411.7357512697302,413.222278191572,408.51661533193175,409.58966064453125,19169700
2024-10-07 00:00:00-04:00,MSFT,409.5306419831522,410.6233655735784,402.6395013728588,403.1711120605469,20919800
2024-10-08 00:00:00-04:00,MSFT,404.5099645290717,409.19594995144206,401.82243880752753,408.2607116699219,19229300
2024-10-09 00:00:00-04:00,MSFT,409.3928021729279,413.84252930935924,407.8570646785986,410.9679260253906,14974300
2024-10-10 00:00:00-04:00,MSFT,408.7726696220669,410.8596961873674,406.7249993762307,409.3731689453125,13848400
2024-10-11 00:00:00-04:00,MSFT,409.66850956364067,410.64310419410805,406.82343830885475,409.845703125,14144900
2024-10-14 00:00:00-04:00,MSFT,411.2731366880873,417.4456494762865,411.0270245046469,412.6218566894531,16653100
2024-10-15 00:00:00-04:00,MSFT,415.6145639475164,415.9099165968068,408.8021954562943,412.2280578613281,18900200
2024-10-16 00:00:00-04:00,MSFT,408.71362588431356,409.88509232928357,404.0965585595149,409.6488342285156,15508900
2024-10-17 00:00:00-04:00,MSFT,415.7917465890575,415.9295838303706,409.127039576057,410.2394714355469,14820000
2024-10-18 00:00:00-04:00,MSFT,410.6530079975397,413.12395418353566,409.7866882020532,411.6571350097656,17145300
2024-10-21 00:00:00-04:00,MSFT,409.6487883889798,412.44461909285747,407.31564977599334,412.2674255371094,14206100
2024-10-22 00:00:00-04:00,MSFT,411.9819473916582,423.88392916296095,411.53896348036403,420.8616943359375,25482200
2024-10-23 00:00:00-04:00,MSFT,424.15957703194096,424.3761569602065,415.95913210482394,417.9969482421875,19654400
2024-10-24 00:00:00-04:00,MSFT,418.7155841953702,419.35549993342784,415.8311564953273,418.12493896484375,13581600
2024-10-25 00:00:00-04:00,MSFT,420.12336158504047,425.7937660019832,419.9363139175779,421.4917297363281,16899100
2024-10-28 00:00:00-04:00,MSFT,424.9471252042487,425.2227696357769,419.670464602579,419.9559631347656,14882400
2024-10-29 00:00:00-04:00,MSFT,421.3440208086144,426.43363353122214,419.17822176857095,425.23260498046875,17644100
2024-10-30 00:00:00-04:00,MSFT,430.6372355196224,431.68074872313076,425.3802831426112,425.8035888671875,29749100
2024-10-31 00:00:00-04:00,MSFT,408.90056227484143,409.6881391925744,399.981460227055,400.03070068359375,53971000
2024-11-01 00:00:00-04:00,MSFT,402.6494147801429,409.0384779018434,401.162887472927,403.9882507324219,24230400
2024-11-04 00:00:00-05:00,MSFT,403.42706781751014,404.0374512515174,399.26286901744754,402.10791015625,19672300
2024-11-05 00:00:00-05:00,MSFT,402.0192756499378,408.4477238969609,401.7337771398714,405.06121826171875,17626000
2024-11-06 00:00:00-05:00,MSFT,406.0063586804049,413.91148078515863,404.13588205792996,413.6456604003906,26681800
2024-11-07 00:00:00-05:00,MSFT,414.72850912180576,420.21189508853655,413.3502870767265,418.81396484375,19901800
2024-11-08 00:00:00-05:00,MSFT,418.7057298172818,419.8673720771894,415.2207729945687,415.9689636230469,16891400
2024-11-11 00:00:00-05:00,MSFT,415.9492425000552,418.2036383732599,409.530647967578,411.5093994140625,24503300
2024-11-12 00:00:00-05:00,MSFT,411.7456609678349,417.8394007087299,410.71200186963034,416.4513244628906,19401200
2024-11-13 00:00:00-05:00,MSFT,415.0829505962656,422.65333320998997,411.70626883397995,418.58758544921875,21502200
2024-11-14 00:00:00-05:00,MSFT,418.39068982634956,421.51140536702854,413.4684464166278,420.2513122558594,30246900
2024-11-15 00:00:00-05:00,MSFT,413.2912534776132,416.2248913266483,407.2073678244848,408.54620361328125,28247600
2024-11-18 00:00:00-05:00,MSFT,408.41825976061074,411.8933627455597,405.6913474607701,409.29443359375,24727000
2024-11-19 00:00:00-05:00,MSFT,406.6855735772408,411.4404774532615,405.149836063281,411.2928161621094,18133500
2024-11-20 00:00:00-05:00,MSFT,410.3871084118776,410.8005900683197,404.19491792354364,409.028564453125,19191700
2024-11-21 00:00:00-05:00,MSFT,413.80284233986384,414.0790385036892,404.71793020151534,407.26287841796875,20780200
2024-11-22 00:00:00-05:00,MSFT,405.7832472742104,411.73135363774225,405.4774597411712,411.3367919921875,24814600
2024-11-25 00:00:00-05:00,MSFT,412.69804256956826,415.36135617252853,409.2159842267064,413.10247802734375,27691100
2024-11-26 00:00:00-05:00,MSFT,413.8916059444426,423.21327891734404,413.16166540924917,422.1775207519531,23458900
2024-11-27 00:00:00-05:00,MSFT,419.33665679394954,421.42789081016514,416.28862504102557,417.2454528808594,18332400
2024-11-29 00:00:00-05:00,MSFT,414.384787411828,419.1097432305611,412.1258792913512,417.7090148925781,16271900
2024-12-02 00:00:00-05:00,MSFT,415.84477479075025,427.11953971126485,415.58829615007085,425.1269836425781,20207200
2024-12-03 00:00:00-05:00,MSFT,424.0023874596203,426.5966745404958,421.93090130394285,425.34393310546875,18302000
2024-12-04 00:00:00-05:00,MSFT,427.1490673141917,433.69890467425466,426.75450568960144,431.4794616699219,26009400
2024-12-05 00:00:00-05:00,MSFT,431.9726738856543,438.62112911545074,430.24644042721326,436.60882568359375,21697800
2024-12-06 00:00:00-05:00,MSFT,436.2931878578621,440.04159877439776,435.7703869006791,437.54595947265625,18821000
2024-12-09 00:00:00-05:00,MSFT,436.5891705079944,442.2413336019405,434.51768404131514,439.96270751953125,19144400
2024-12-10 00:00:00-05:00,MSFT,438.35480554213524,443.5137582543868,435.60268777878343,437.3091735839844,18469500
2024-12-11 00:00:00-05:00,MSFT,438.0194510528632,444.23391032066826,438.0194510528632,442.8923645019531,19200200
2024-12-12 00:00:00-05:00,MSFT,443.0106891858234,449.96496224230685,443.0106891858234,443.45458984375,20834800
2024-12-13 00:00:00-05:00,MSFT,442.34986354702323,445.2992475559922,439.5286887575998,441.19573974609375,20177800
2024-12-16 00:00:00-05:00,MSFT,441.19569319284585,446.039014950384,439.23272866925197,445.45703125,23598800
2024-12-17 00:00:00-05:00,MSFT,444.8849272856994,449.1068002031095,443.4644812477741,448.2880554199219,22733500
2024-12-18 00:00:00-05:00,MSFT,445.19070178831043,446.50262602359174,431.08488976149135,431.44989013671875,24444500
2024-12-19 00:00:00-05:00,MSFT,435.6224173363725,437.1612287919841,430.39440791706704,431.0947570800781,22963700
2024-12-20 00:00:00-05:00,MSFT,427.2279397935674,437.7135790992352,422.8088017207615,430.6705627441406,64263700
2024-12-23 00:00:00-05:00,MSFT,430.80874434392524,431.70638949616176,426.9518413679703,429.3389892578125,19152500
2024-12-24 00:00:00-05:00,MSFT,428.74712104240933,433.6299083717355,428.2933766162313,433.3635559082031,7164500
2024-12-26 00:00:00-05:00,MSFT,433.11689244443306,434.95164765481866,430.7001836707867,432.1600646972656,8194200
2024-12-27 00:00:00-05:00,MSFT,428.69777768381334,429.30935275325726,420.5598195240772,424.68304443359375,18117700
2024-12-30 00:00:00-05:00,MSFT,420.27376177490316,421.7435167493127,416.17025429217676,419.0604553222656,13158700
2024-12-31 00:00:00-05:00,MSFT,420.313230174155,420.9346790911402,414.94710727917607,415.77569580078125,13246500
2025-01-02 00:00:00-05:00,MSFT,419.7509500092328,420.2836247921959,409.21600045312425,412.89532470703125,16896500
2025-01-03 00:00:00-05:00,MSFT,415.36136467137544,418.2713132207811,413.8423008464514,417.6005554199219,16662900
2025-01-06 00:00:00-05:00,MSFT,422.1874160873605,428.4215926337743,419.7016505493917,422.0394592285156,20573600
2025-01-07 00:00:00-05:00,MSFT,423.1738448521772,424.801430542522,415.0851952170159,416.6338806152344,18139100
2025-01-08 00:00:00-05:00,MSFT,417.70906128958796,421.171402275518,415.81515330470927,418.79412841796875,15054600
2025-01-10 00:00:00-05:00,MSFT,418.8631375574346,418.94203783823525,409.3836345721572,413.2602844238281,20201100
2025-01-13 00:00:00-05:00,MSFT,409.6007318390263,412.81646832203865,406.69081302742603,411.5242614746094,17604800
2025-01-14 00:00:00-05:00,MSFT,412.13576253291507,414.0395441747234,405.14205471322043,410.02484130859375,16935900
2025-01-15 00:00:00-05:00,MSFT,413.43790279096226,422.3353935398116,412.5895665870108,420.5203857421875,19637800
2025-01-16 00:00:00-05:00,MSFT,422.87788427352234,423.6571336957602,418.6264203199314,418.8138122558594,15300000
2025-01-17 00:00:00-05:00,MSFT,428.1947089431654,428.57942688248704,422.3551241092644,423.20343017578125,26197500
2025-01-21 00:00:00-05:00,MSFT,424.3575582513444,425.0480336398343,419.82002384260585,422.6806335449219,26085700
2025-01-22 00:00:00-05:00,MSFT,431.6175525305707,441.1956738632283,430.07874109453735,440.1402282714844,27803800
2025-01-23 00:00:00-05:00,MSFT,435.9972845633218,440.68277574358376,435.50407496539947,440.643310546875,18389300
2025-01-24 00:00:00-05:00,MSFT,439.1143639891968,440.5841189283991,435.40541825453283,438.029296875,15549500
2025-01-27 00:00:00-05:00,MSFT,418.2516742286919,429.2897090579365,417.7485907319991,428.65838623046875,35647800
2025-01-28 00:00:00-05:00,MSFT,428.69779052094407,442.29064589853647,425.52151949148305,441.1266784667969,23491700
2025-01-29 00:00:00-05:00,MSFT,440.62361853818396,440.81104060450724,434.41903300783486,436.32281494140625,23581400
2025-01-30 00:00:00-05:00,MSFT,413.0827896381068,417.1172408671569,407.54899194570174,409.3541259765625,54586300
2025-01-31 00:00:00-05:00,MSFT,413.2899333042713,414.976701732093,409.27519987674,409.42315673828125,34161900
2025-02-03 00:00:00-05:00,MSFT,406.01014380943144,409.7683985075356,403.1100689884043,405.3393859863281,25679100
2025-02-04 00:00:00-05:00,MSFT,407.08537575034575,408.2986823038951,404.1754268282418,406.76971435546875,20532100
2025-02-05 00:00:00-05:00,MSFT,406.7500095317457,408.2098908482498,404.8264798311111,407.67724609375,16316700
2025-02-06 00:00:00-05:00,MSFT,408.3775005706175,412.5204727625825,408.3775005706175,410.17279052734375,16309800
2025-02-07 00:00:00-05:00,MSFT,410.82388435232116,412.96439718513943,402.5576865372201,404.1852722167969,22886800
2025-02-10 00:00:00-05:00,MSFT,408.0915202610308,409.81775403639836,405.3394320876969,406.62176513671875,20817900
2025-02-11 00:00:00-05:00,MSFT,404.0767525043344,406.88802298158646,403.74134350470337,405.852294921875,18140600
2025-02-12 00:00:00-05:00,MSFT,401.6797906754277,405.17172339110687,398.8783635040398,403.4849548339844,19121700
2025-02-13 00:00:00-05:00,MSFT,401.4726062482461,405.4182829681306,400.8412835235649,404.96453857421875,23891700
2025-02-14 00:00:00-05:00,MSFT,402.25191655873215,403.35670130819824,400.3678521686821,402.8832092285156,22758500
2025-02-18 00:00:00-05:00,MSFT,402.4590402622825,405.0237362453633,400.9794114377888,404.0767822265625,21423100
2025-02-19 00:00:00-05:00,MSFT,402.3406422459273,409.84727742582396,402.11375500738893,409.1370544433594,24114200
2025-02-20 00:00:00-05:00,MSFT,410.47144681938056,414.4447923675228,407.75335474991726,411.30169677734375,23508700
2025-02-21 00:00:00-05:00,MSFT,412.4976421272199,413.1993956224997,403.15730762956775,403.47357177734375,27524800
2025-02-24 00:00:00-05:00,MSFT,403.77011965609864,404.62012670611466,394.6867476536957,399.31243896484375,26443700
2025-02-25 00:00:00-05:00,MSFT,396.44608593506547,397.25657880262406,392.09714469383994,393.283203125,29387400
2025-02-26 00:00:00-05:00,MSFT,393.3919357776839,398.9170718958632,389.6755530638089,395.09197998046875,19619000
2025-02-27 00:00:00-05:00,MSFT,396.61407498406965,401.0322110218146,387.61968592381214,387.9754943847656,21127400
2025-02-28 00:00:00-05:00,MSFT,388.10398215130573,393.01631660620876,382.0846478468725,392.38372802734375,32845700
2025-03-03 00:00:00-05:00,MSFT,394.1925506012372,394.1925506012372,381.6794393165997,383.9823913574219,23007700
2025-03-04 00:00:00-05:00,MSFT,378.9513820023961,388.02485870202906,376.5792353713358,384.1009216308594,29342900
2025-03-05 00:00:00-05:00,MSFT,384.82253320835395,397.00948665687173,384.29868393839774,396.36700439453125,23433100
2025-03-06 00:00:00-05:00,MSFT,389.70521049036057,397.4838909032578,388.12376908504734,392.2849426269531,23304600
2025-03-07 00:00:00-05:00,MSFT,387.76795648683793,390.2191619837315,381.0666253730808,388.7464599609375,22034100
2025-03-10 00:00:00-04:00,MSFT,381.3631114017718,381.9166113327009,372.8431337183802,375.7490234375,32840100
2025-03-11 00:00:00-04:00,MSFT,374.6024872406928,381.5212666884101,372.5367409966354,376.0356750488281,30380200
2025-03-12 00:00:00-04:00,MSFT,378.5066728711865,380.7503233781215,374.55308456142495,378.82293701171875,24253600
2025-03-13 00:00:00-04:00,MSFT,378.7141993931464,380.84914053983084,373.07046095024094,374.3751220703125,20473000
2025-03-14 00:00:00-04:00,MSFT,375.3734195488383,385.7021804869834,375.10656321193693,384.0515441894531,19952800
2025-03-17 00:00:00-04:00,MSFT,382.2132080479099,388.15345468919406,381.0963143894263,384.19000244140625,22474300
2025-03-18 00:00:00-04:00,MSFT,382.57889637930924,382.8754034622388,376.6781641211092,379.070068359375,19486900
2025-03-19 00:00:00-04:00,MSFT,381.0567221702146,385.158563988563,379.54447585576617,383.3201599121094,19185500
2025-03-20 00:00:00-04:00,MSFT,381.2642891356356,387.24410971121733,378.8328407062668,382.3515319824219,18470500
2025-03-21 00:00:00-04:00,MSFT,378.7735544022507,387.19468720298374,378.35841433019584,386.72027587890625,39675900
2025-03-24 00:00:00-04:00,MSFT,390.81222312553433,390.81222312553433,385.28708673252123,388.5191345214844,21004500
2025-03-25 00:00:00-04:00,MSFT,389.34940942223693,391.7610706609813,388.0842623065983,390.57501220703125,15775000
2025-03-26 00:00:00-04:00,MSFT,390.4168262767483,390.7232269425197,384.061440622416,385.4451904296875,16108400
2025-03-27 00:00:00-04:00,MSFT,385.60336562359333,387.6888690270636,382.9050306805178,386.0481262207031,13766800
2025-03-28 00:00:00-04:00,MSFT,383.5771397086297,384.6149747790714,372.5565178920864,374.4048156738281,21632000
2025-03-31 00:00:00-04:00,MSFT,368.2174858935481,372.694923815259,362.9789628551185,371.034423828125,35184700
2025-04-01 00:00:00-04:00,MSFT,370.3030004386035,378.4078694453165,368.89949332324585,377.7555236816406,19689500
2025-04-02 00:00:00-04:00,MSFT,373.5844861787052,380.61197570359644,372.25014394283687,377.70611572265625,16092600
2025-04-03 00:00:00-04:00,MSFT,370.4413527847735,373.10014336261634,365.0644702169303,368.78082275390625,30198000
2025-04-04 00:00:00-04:00,MSFT,359.90502676066706,370.2436515761853,355.30898645827625,355.664794921875,49209900
2025-04-07 00:00:00-04:00,MSFT,346.8087414532901,366.69528411042614,340.78940739034067,353.7077331542969,50425000
2025-04-08 00:00:00-04:00,MSFT,363.98709615832223,369.3145404099518,346.1860561796805,350.446044921875,35868900
2025-04-09 00:00:00-04:00,MSFT,349.4379409733939,388.667426732123,349.0030438091915,385.9591979980469,50199700
2025-04-10 00:00:00-04:00,MSFT,377.6269854135807,379.44563241847453,363.5324334212975,376.92523193359375,38024400
2025-04-11 00:00:00-04:00,MSFT,376.22346214057205,385.52425170247653,374.49376732812806,383.9428405761719,23839200
2025-04-14 00:00:00-04:00,MSFT,388.6575040815548,390.0709046779098,379.75203666792555,383.3102722167969,19251200
2025-04-15 00:00:00-04:00,MSFT,384.0021677861047,387.3429548173336,379.702634359307,381.2544250488281,17199900
2025-04-16 00:00:00-04:00,MSFT,376.25315416820064,377.18221973337427,363.730149078798,367.2982482910156,21967800
2025-04-17 00:00:00-04:00,MSFT,369.41342738591277,369.97682098932336,362.6330375516977,363.5126953125,21120200
2025-04-21 00:00:00-04:00,MSFT,358.6102676210093,360.2510105389955,351.5432339047138,354.95318603515625,20807300
2025-04-22 00:00:00-04:00,MSFT,359.1637239988867,363.5027713530303,355.6845470865514,362.5638122558594,19485000
2025-04-23 00:00:00-04:00,MSFT,371.69656553615397,375.9763413470789,368.6918302740048,370.04595947265625,20545500
2025-04-24 00:00:00-04:00,MSFT,371.34077108557176,383.9428330432701,370.8366789549492,382.80615234375,22232300
2025-04-25 00:00:00-04:00,MSFT,382.5097039822226,387.6098369882708,380.13755681192964,387.3034362792969,18973200
2025-04-28 00:00:00-04:00,MSFT,387.4121350910717,388.1830836548117,382.15388522315925,386.6214294433594,16579400
2025-04-29 00:00:00-04:00,MSFT,386.75975859738145,390.51568553400665,385.85045019118235,389.4679870605469,14974000
2025-04-30 00:00:00-04:00,MSFT,385.7713871677669,392.0576085897077,379.97939447353656,390.6738586425781,36461100
2025-05-01 00:00:00-04:00,MSFT,426.1078192756201,431.91959850384194,419.96988230696996,420.4640808105469,58938100
2025-05-02 00:00:00-04:00,MSFT,426.7305579775838,434.3412277785372,425.0008630376841,430.2294921875,30757400
2025-05-05 00:00:00-04:00,MSFT,427.8474632490504,434.40054108405303,427.09627177369964,431.10919189453125,20136100
2025-05-06 00:00:00-04:00,MSFT,427.18524232094876,432.65107712392626,426.1671945058241,428.2823486328125,15104200
2025-05-07 00:00:00-04:00,MSFT,428.8061738000786,433.0365119798482,426.10783898687293,428.3218688964844,23295300
2025-05-08 00:00:00-04:00,MSFT,432.8487322038109,438.5221520354275,430.60508165893515,433.0859680175781,23491300
2025-05-09 00:00:00-04:00,MSFT,434.8946575632612,435.62606165321273,430.82246695950766,433.639404296875,15324200
2025-05-12 00:00:00-04:00,MSFT,440.7657862582039,444.15598092637396,434.6772567640601,444.0472717285156,22821900
2025-05-13 00:00:00-04:00,MSFT,442.5844751269483,445.4409573721911,440.19254074927665,443.9287109375,23618800
2025-05-14 00:00:00-04:00,MSFT,442.940306646518,448.6334536340928,442.940306646518,447.6846008300781,19902800
2025-05-15 00:00:00-04:00,MSFT,446.35766502511365,451.7246251089068,446.0209967126778,448.694580078125,21992300
2025-05-16 00:00:00-04:00,MSFT,447.6251542704443,449.91254071320964,444.3376746324017,449.82342529296875,23849800
2025-05-19 00:00:00-04:00,MSFT,446.46660651740484,455.0913410046994,446.3873726676465,454.3783874511719,21336500
2025-05-20 00:00:00-04:00,MSFT,451.1305396548173,453.85362179890075,449.87298168888566,453.685302734375,15441800
2025-05-21 00:00:00-04:00,MSFT,450.12052955644793,453.2991005803846,447.38753565613104,448.1401062011719,19216900
2025-05-22 00:00:00-04:00,MSFT,450.49682997275477,455.7449399531106,449.45708954496587,450.4076843261719,18025600
2025-05-23 00:00:00-04:00,MSFT,445.5754438212613,449.2491205375805,444.51591011589574,445.7734680175781,16883500
2025-05-27 00:00:00-04:00,MSFT,452.0118204825961,456.4380677238799,451.65532857824905,456.18060302734375,20974300
2025-05-28 00:00:00-04:00,MSFT,456.7054113344306,457.9926743719098,452.45739496057166,452.8831787109375,17086300
2025-05-29 00:00:00-04:00,MSFT,457.03221043821725,457.2005597280811,450.85329893273473,454.1903076171875,13974800
2025-05-30 00:00:00-04:00,MSFT,455.2200705832806,457.16087682654637,451.08099341488645,455.8537902832031,34770500
2025-06-02 00:00:00-04:00,MSFT,452.66535029783114,457.58667299374565,452.41779739511384,457.44805908203125,16626500
2025-06-03 00:00:00-04:00,MSFT,456.9529759669727,459.5968543955761,456.3489311405408,458.43829345703125,15743800
2025-06-04 00:00:00-04:00,MSFT,459.4582001214203,461.1316602074749,458.48778183720145,459.3294677734375,14162700
2025-06-05 00:00:00-04:00,MSFT,460.40879598021155,465.05289099241804,459.487906406924,463.1021728515625,20131700
2025-06-06 00:00:00-04:00,MSFT,465.4885869985769,468.7067748339504,464.19141216551986,465.7757568359375,15285600
2025-06-09 00:00:00-04:00,MSFT,465.10242514198006,468.7958952647425,464.0329796350046,468.12255859375,16469900
2025-06-10 00:00:00-04:00,MSFT,466.57783210788693,468.172058367284,462.38922592870773,466.31048583984375,15375900
2025-06-11 00:00:00-04:00,MSFT,465.4192790589967,470.81594475736864,465.0628173622344,467.99383544921875,16399200
2025-06-12 00:00:00-04:00,MSFT,470.3702965389571,475.7174632765806,468.88497916047487,474.1826171875,18950600
2025-06-13 00:00:00-04:00,MSFT,471.7467014438283,474.48957663576516,468.13243522834,470.3108825683594,16814500
2025-06-16 00:00:00-04:00,MSFT,470.5584575569121,475.98482813726486,470.3505215770748,474.45001220703125,15626100
2025-06-17 00:00:00-04:00,MSFT,470.7466055851971,474.0539088222925,469.4395189734987,473.36077880859375,15414100
2025-06-18 00:00:00-04:00,MSFT,473.3211811212961,476.291816149254,469.8158233270243,475.53924560546875,17526500
2025-06-20 00:00:00-04:00,MSFT,477.5097592999014,478.7277002496467,472.2022093150259,472.7270202636719,37576200
2025-06-23 00:00:00-04:00,MSFT,473.52910172023695,482.97572926336846,467.8849134818946,481.24285888671875,24864000
2025-06-24 00:00:00-04:00,MSFT,484.16397269221426,487.0355802812341,482.03499358247046,485.3125915527344,22305600
2025-06-25 00:00:00-04:00,MSFT,487.2237477118272,489.71907018583636,484.59969288856837,487.45147705078125,17495100
2025-06-26 00:00:00-04:00,MSFT,488.15456314430565,493.1650318097281,487.98621386300664,492.580810546875,21578900
2025-06-27 00:00:00-04:00,MSFT,492.6797669341534,494.41263722515527,488.20402140418383,491.0855407714844,34539200
2025-06-30 00:00:00-04:00,MSFT,492.17482524139086,495.85841392483957,490.4815414994746,492.54119873046875,28369000
2025-07-01 00:00:00-04:00,MSFT,491.61036068604886,493.1748817381986,486.1741086010328,487.2336120605469,19945400
2025-07-02 00:00:00-04:00,MSFT,485.1938116448169,488.66946431331223,483.9164603345879,486.2830505371094,16319600
2025-07-03 00:00:00-04:00,MSFT,488.9764203666982,495.2345653483035,488.6100468852986,493.9571838378906,13984800
2025-07-07 00:00:00-04:00,MSFT,492.51147619590915,493.86806132382594,490.38252718836065,492.84814453125,13981600
2025-07-08 00:00:00-04:00,MSFT,492.37280697303856,493.3234318678901,489.2734398258723,491.7588806152344,11846600
2025-07-09 00:00:00-04:00,MSFT,495.4028504286207,501.8194324629264,494.84833435120834,498.5814514160156,18659500
2025-07-10 00:00:00-04:00,MSFT,498.12592881176073,499.50233742843255,492.877819466512,496.5713195800781,16492100
2025-07-11 00:00:00-04:00,MSFT,493.59080845907414,500.08659454551145,492.9273533491097,498.3933410644531,16459500
2025-07-14 00:00:00-04:00,MSFT,496.6109349689791,499.0369655948213,496.1257409313552,498.09625244140625,12058800
2025-07-15 00:00:00-04:00,MSFT,498.0962552049,503.3245715280963,497.8685258646023,500.8688659667969,14927200
2025-07-16 00:00:00-04:00,MSFT,500.23514183467364,501.760076321519,496.97736708309617,500.67083740234375,15154400
2025-07-17 00:00:00-04:00,MSFT,500.7302212088446,508.34495123446135,500.67081092720053,506.6913146972656,17503100
2025-07-18 00:00:00-04:00,MSFT,509.44409517028413,509.6025628871289,502.46311478523944,505.0574645996094,21209700
2025-07-21 00:00:00-04:00,MSFT,501.75013722027745,507.0775109565722,500.6014880788464,505.0673522949219,14066800
2025-07-22 00:00:00-04:00,MSFT,505.968437121084,506.19619667447284,500.32421875,500.32421875,13868600
2025-07-23 00:00:00-04:00,MSFT,501.78972599996087,501.8293429250601,495.79895793496456,500.9183349609375,16396600
2025-07-24 00:00:00-04:00,MSFT,503.7899711970312,508.6420022469781,502.334358860161,505.87933349609375,16107000
2025-07-25 00:00:00-04:00,MSFT,507.4536969863606,513.2167356071609,505.36436506751977,508.6816101074219,19125700
2025-07-28 00:00:00-04:00,MSFT,509.0480107678364,509.9589885432546,505.12675096242896,507.48345947265625,14308000
2025-07-29 00:00:00-04:00,MSFT,510.48381297361453,512.5533213636355,506.55264151082275,507.5527648925781,16469200
2025-07-30 00:00:00-04:00,MSFT,510.12731827097724,510.89971236727115,504.4534248625209,508.2162170410156,26380400
2025-07-31 00:00:00-04:00,MSFT,549.795171976257,550.0130499577134,526.6935786680993,528.2778930664062,51617300
2025-08-01 00:00:00-04:00,MSFT,529.7632164041114,530.5553736121248,515.7616096000787,518.9797973632812,28977600
2025-08-04 00:00:00-04:00,MSFT,523.0991779644736,532.9814718412621,522.960533815094,530.3970336914062,25349000
2025-08-05 00:00:00-04:00,MSFT,531.9218555369729,532.0406760929504,522.0791498987046,522.5841674804688,19171600
2025-08-06 00:00:00-04:00,MSFT,525.7034415927023,526.495598904166,518.9006917137275,519.8017578125,21355700
2025-08-07 00:00:00-04:00,MSFT,521.6435053063135,522.9209170643583,512.4840471895837,515.7418823242188,16079100
2025-08-08 00:00:00-04:00,MSFT,517.4845087014622,519.5243419856868,514.3257315807846,516.9299926757812,15531000
2025-08-11 00:00:00-04:00,MSFT,517.1875004407061,522.4257584225397,514.6327376205326,516.6627197265625,20194400
2025-08-12 00:00:00-04:00,MSFT,518.6233183732385,525.7825288027884,517.5836082950698,524.0595703125,18667000
2025-08-13 00:00:00-04:00,MSFT,526.901545781552,527.4857972911225,514.2862580919234,515.4844360351562,19619200
2025-08-14 00:00:00-04:00,MSFT,517.445017549053,520.8018496782777,515.0487221853349,517.3657836914062,20269100
2025-08-15 00:00:00-04:00,MSFT,517.6529556536844,520.9503168823401,513.9990723038397,515.078369140625,25213300
2025-08-18 00:00:00-04:00,MSFT,516.4845535034275,517.7024945692299,508.98864359035275,512.0384521484375,23760600
2025-08-19 00:00:00-04:00,MSFT,509.95896886179673,510.117376123604,503.57209201860513,504.7801513671875,21481000
2025-08-20 00:00:00-04:00,MSFT,504.87923949406314,505.9981835608303,499.50239716393804,500.7698669433594,27723000
2025-08-21 00:00:00-04:00,MSFT,499.57959198776825,503.48744166230597,498.617506554828,500.1250915527344,18443300
2025-08-22 00:00:00-04:00,MSFT,500.13506667774504,506.5621975190336,498.3100856343386,503.09075927734375,24324200
2025-08-25 00:00:00-04:00,MSFT,502.4956437530773,504.04291093011733,500.00611695670057,500.1449890136719,21638600
2025-08-26 00:00:00-04:00,MSFT,500.2441598895975,500.85912581033193,494.4419229807315,497.943115234375,30835700
2025-08-27 00:00:00-04:00,MSFT,497.9034268047853,503.1502662118434,495.8205578102606,502.604736328125,17277900
2025-08-28 00:00:00-04:00,MSFT,502.95190067142187,506.919258768041,501.3748794602406,505.4811096191406,18015600
2025-08-29 00:00:00-04:00,MSFT,504.5090702372647,505.44140176386463,500.3730863144936,502.5551452636719,20961600
2025-09-02 00:00:00-04:00,MSFT,496.38587753866574,501.87074834041937,492.75574161607386,500.9979248046875,18128000
2025-09-03 00:00:00-04:00,MSFT,499.6788070917271,503.64616490840893,498.220801883355,501.22607421875,16345100
2025-09-04 00:00:00-04:00,MSFT,500.1846427841772,504.00323087503085,499.0440334241921,503.82470703125,15509500
2025-09-05 00:00:00-04:00,MSFT,504.9157294675595,507.79205789513924,488.35199810583333,490.9605407714844,31994800
2025-09-08 00:00:00-04:00,MSFT,494.0451377441344,497.1099483047291,490.990285532587,494.1344299316406,16771000
2025-09-09 00:00:00-04:00,MSFT,497.33805669614713,498.15137232357364,493.63851485593227,494.34271240234375,14410500
2025-09-10 00:00:00-04:00,MSFT,498.8754294126598,499.1233892811019,492.66650462093776,496.2867126464844,21611800
2025-09-11 00:00:00-04:00,MSFT,498.15138006137016,499.0638857033828,493.8170463660224,496.9215087890625,18881600
2025-09-12 00:00:00-04:00,MSFT,502.5154742767582,508.367321245748,499.73833579713096,505.73895263671875,23624900
2025-09-15 00:00:00-04:00,MSFT,504.63802593930427,511.2634762434591,502.86262476523797,511.1543884277344,17143800
2025-09-16 00:00:00-04:00,MSFT,512.6619733694059,513.0090929577493,504.449544036503,504.8859558105469,19711900
2025-09-17 00:00:00-04:00,MSFT,506.4530809454648,507.11762672901375,501.8013512662406,505.85797119140625,15816600
2025-09-18 00:00:00-04:00,MSFT,507.31598208941665,508.88310546808697,503.51725007824297,504.3008117675781,18913700
2025-09-19 00:00:00-04:00,MSFT,506.39357782967863,515.0622454615835,506.1456179521661,513.7034301757812,52474100
2025-09-22 00:00:00-04:00,MSFT,511.3825425873763,513.5149611406991,508.35738375283694,510.2518310546875,20009300
2025-09-23 00:00:00-04:00,MSFT,509.6071466116137,510.3907385966617,503.17011764420596,505.074462890625,19799600
2025-09-24 00:00:00-04:00,MSFT,506.215041937542,508.29788064425674,502.7832857896144,505.9869079589844,13533700
2025-09-25 00:00:00-04:00,MSFT,504.15198973027213,505.84805701475193,500.9186136455738,502.8923645019531,15786500
2025-09-26 00:00:00-04:00,MSFT,505.8975942449135,509.745935901324,502.4856643393456,507.2861633300781,16213100
2025-09-29 00:00:00-04:00,MSFT,507.3258652143003,512.6321819161793,504.7272507672145,510.4005432128906,17617800
2025-09-30 00:00:00-04:00,MSFT,509.05168089535164,513.9315141469417,505.5009089039439,513.7232666015625,19728200
2025-10-01 00:00:00-04:00,MSFT,510.5989067561486,516.2623314762835,507.51430077675985,515.4688720703125,22632300
2025-10-02 00:00:00-04:00,MSFT,513.4157691025699,517.3434144406598,506.51254498360566,511.53125,21222900
2025-10-03 00:00:00-04:00,MSFT,512.8801529316524,516.2425031799986,510.7973143114264,513.1281127929688,15112300
2025-10-06 00:00:00-04:00,MSFT,514.377848960065,526.6965386672223,513.9712214168786,524.256591796875,21388600
2025-10-07 00:00:00-04:00,MSFT,523.9788663400786,525.4765536672338,517.1847899970462,519.7040405273438,14615200
2025-10-08 00:00:00-04:00,MSFT,519.0097599169904,522.6497936321297,518.8213080060119,520.56689453125,13363400
2025-10-09 00:00:00-04:00,MSFT,518.07745494396,520.0512058016051,513.1777655449532,518.136962890625,18343600
2025-10-10 00:00:00-04:00,MSFT,515.3994727403434,519.3073226434543,505.47115003636685,506.790283203125,24133800
2025-10-13 00:00:00-04:00,MSFT,512.1958293204747,512.1958293204747,507.50444767633473,509.8551025390625,14284200
2025-10-14 00:00:00-04:00,MSFT,506.06619700641784,511.07500383118867,501.87070570435134,509.3789367675781,14684300
2025-10-15 00:00:00-04:00,MSFT,510.75768630195654,512.9694689959882,505.83814063109804,509.2401428222656,14694700
2025-10-16 00:00:00-04:00,MSFT,508.3970827878481,512.6321960787722,503.9833851231019,507.4349670410156,15559600
2025-10-17 00:00:00-04:00,MSFT,504.8859867353243,511.2734052578957,503.1700935064365,509.3889465332031,19867800
2025-10-20 00:00:00-04:00,MSFT,510.41049011219013,514.4671401409408,509.2401268135401,512.5726928710938,14665600
2025-10-21 00:00:00-04:00,MSFT,513.2769402267872,514.4572316509175,508.8533142722573,513.4356079101562,15586200
2025-10-22 00:00:00-04:00,MSFT,516.8971212574951,520.9437823737373,513.4851913413816,516.2920532226562,18962700
2025-10-23 00:00:00-04:00,MSFT,518.1964698863214,519.6743010066873,514.3778516149157,516.3119506835938,14023500
2025-10-24 00:00:00-04:00,MSFT,518.5237205252405,521.0628270774097,516.4607380708425,519.3370361328125,15532400
2025-10-27 00:00:00-04:00,MSFT,527.4404441110845,530.2175826339089,524.6930292943027,527.1825561523438,18734700
2025-10-28 00:00:00-04:00,MSFT,545.5116410650497,549.2012543795508,536.356983260493,537.6463623046875,29986700
2025-10-29 00:00:00-04:00,MSFT,540.4929653309738,541.8121286840217,532.3499420595073,537.130615234375,36023000
2025-10-30 00:00:00-04:00,MSFT,526.150935240438,530.6042843733296,517.8591725476514,521.469482421875,41023100
2025-10-31 00:00:00-04:00,MSFT,524.5640198650095,525.0004316167937,510.896444053691,513.5843505859375,34006400
2025-11-03 00:00:00-05:00,MSFT,515.5680119038287,520.676008789008,510.3906395365282,512.8107299804688,22374700
2025-11-04 00:00:00-05:00,MSFT,507.5838081580189,511.342858187808,503.6957838776707,510.1328430175781,20958700
2025-11-05 00:00:00-05:00,MSFT,509.11117977922714,510.6287232020861,502.4460174356622,503.02130126953125,23024300
2025-11-06 00:00:00-05:00,MSFT,501.53353925537283,501.5732213085109,491.7639146320967,493.04339599609375,27406500
2025-11-07 00:00:00-05:00,MSFT,492.89463000746537,495.30479262227396,489.2248119110569,492.76568603515625,24019800
2025-11-10 00:00:00-05:00,MSFT,495.95940345274505,502.7138276367279,494.72950196106785,501.8707580566406,26101500
2025-11-11 00:00:00-05:00,MSFT,500.68055811559174,505.4414057875519,498.2505695472254,504.5289001464844,17980000
2025-11-12 00:00:00-05:00,MSFT,505.203338237195,507.494515261433,495.0469117437556,506.9688415527344,26574900
2025-11-13 00:00:00-05:00,MSFT,506.1455630365654,509.309533151825,497.1991825232493,499.182861328125,25273100
2025-11-14 00:00:00-05:00,MSFT,494.16422868288754,507.42511859094293,493.38066696511515,506.0166931152344,28505700
2025-11-17 00:00:00-05:00,MSFT,504.300789978241,507.94082387806293,500.7896697837805,503.3486022949219,19092800
2025-11-18 00:00:00-05:00,MSFT,491.3275301094218,498.87544447228873,482.8076324047851,489.76043701171875,33815100
2025-11-19 00:00:00-05:00,MSFT,486.1005596390223,491.14901921379453,478.88986688506054,483.1448669433594,23245300
2025-11-20 00:00:00-05:00,MSFT,489.6038857855625,490.4584800066478,472.50238827815747,475.4139099121094,26802500
2025-11-21 00:00:00-05:00,MSFT,475.4834301610789,475.9007957312625,465.3179114267742,469.1436462402344,31769200
2025-11-24 00:00:00-05:00,MSFT,472.005536687022,473.89355276873187,465.06952862032074,471.0118408203125,34421000
2025-11-25 00:00:00-05:00,MSFT,471.08136597664605,476.12932719889915,461.9592459889855,473.9829406738281,28019800
2025-11-26 00:00:00-05:00,MSFT,483.24419169180504,485.2315832491155,478.16642081896737,482.4393005371094,25709100
2025-11-28 00:00:00-05:00,MSFT,484.5260924315005,489.5243812398697,483.5820692635899,488.9082946777344,14386700
2025-12-01 00:00:00-05:00,MSFT,485.3607732415945,486.7718042788117,481.59465771305275,483.6714782714844,23964000
2025-12-02 00:00:00-05:00,MSFT,483.6516286444489,490.38888506208144,483.2541563831954,486.91094970703125,19562700
2025-12-03 00:00:00-05:00,MSFT,473.3171775583083,481.18723109312356,472.2042431453193,474.7182922363281,34615100
2025-12-04 00:00:00-05:00,MSFT,476.7355071807625,478.2856702042714,473.4861025034468,477.8086853027344,22318200
2025-12-05 00:00:00-05:00,MSFT,479.4780948278929,480.35255199911325,475.86105782216015,480.11407470703125,22608700
2025-12-08 00:00:00-05:00,MSFT,481.8331998835391,489.1964595164875,481.32640529111774,487.9245300292969,21965900
2025-12-09 00:00:00-05:00,MSFT,486.016607703579,489.01755801519323,485.42038417588924,488.9181823730469,14696100
2025-12-10 00:00:00-05:00,MSFT,480.97857754952304,481.19719183884354,472.084987996716,475.5430603027344,35756200
2025-12-11 00:00:00-05:00,MSFT,473.6252433732215,482.96597801292137,472.86007818396723,480.422119140625,24669200
2025-12-12 00:00:00-05:00,MSFT,476.79512068758515,479.40854546431024,473.3370484252935,475.51324462890625,21248100
2025-12-15 00:00:00-05:00,MSFT,477.0733729131614,477.6894594742654,469.5411415575728,471.82666015625,23727700
2025-12-16 00:00:00-05:00,MSFT,468.9350114671635,474.87732355778707,467.911505956298,473.38677978515625,20705600
2025-12-17 00:00:00-05:00,MSFT,473.903466892556,476.9739832708393,472.0055042784347,473.1184387207031,24527200
2025-12-18 00:00:00-05:00,MSFT,475.17538699144035,486.5134594689822,474.8772903878124,480.92889404296875,28573500
2025-12-19 00:00:00-05:00,MSFT,484.2875529363844,484.77448448182145,479.4482594182398,482.8566589355469,70836100
2025-12-22 00:00:00-05:00,MSFT,483.0554234208069,485.64898536737695,479.6470539215635,481.8630065917969,16963000
2025-12-23 00:00:00-05:00,MSFT,481.9226163967179,484.7546252629152,481.6841087754749,483.78082275390625,14683600
2025-12-24 00:00:00-05:00,MSFT,482.61817584356095,486.0762481946253,481.77352833631136,484.94342041015625,5855900
2025-12-26 00:00:00-05:00,MSFT,483.64171061957336,485.04282544173617,482.8964387136479,484.6354064941406,8842200
2025-12-29 00:00:00-05:00,MSFT,481.80333660098637,485.27135560420123,481.1276307272214,484.02923583984375,10893400
2025-12-30 00:00:00-05:00,MSFT,482.8666136001516,486.5929730105466,482.43933166580535,484.4068603515625,13944500
2025-12-31 00:00:00-05:00,MSFT,484.7645645601486,485.06269150087525,480.25317705215497,480.5711669921875,15601600
2026-01-02 00:00:00-05:00,MSFT,481.3363251826272,481.6046121327098,467.1960229709088,469.95849609375,25571600
2026-01-05 00:00:00-05:00,MSFT,471.071443053882,473.0687813775576,466.5401924921144,469.86907958984375,25250300
2026-01-06 00:00:00-05:00,MSFT,470.8130789419108,475.7219388392127,466.7886229022075,475.493408203125,23037700
2026-01-07 00:00:00-05:00,MSFT,476.73551614076564,486.6128550141313,474.936929133209,480.422119140625,25564200
2026-01-08 00:00:00-05:00,MSFT,478.20615894860083,479.61722033317443,472.8600706717694,475.09588623046875,18162600
2026-01-09 00:00:00-05:00,MSFT,471.0714211959582,476.7951186190047,469.2231615927928,476.2585144042969,18491000
2026-01-12 00:00:00-05:00,MSFT,473.6649886945649,477.95773148860775,472.68120923483104,474.1717529296875,23519900
2026-01-13 00:00:00-05:00,MSFT,471.68751939768345,472.7805908527595,463.01257439213845,467.70281982421875,28545800
2026-01-14 00:00:00-05:00,MSFT,463.51936213123724,465.24841354789686,454.2879494306214,456.4840087890625,28184300
2026-01-15 00:00:00-05:00,MSFT,461.1941211270383,461.3233064418312,453.02593988397814,453.7811584472656,23225800
2026-01-16 00:00:00-05:00,MSFT,454.94376661538865,460.2699922453042,453.6023014516422,456.9609680175781,34246700
2026-01-20 00:00:00-05:00,MSFT,448.37541805572727,453.92022725149957,446.44764578645413,451.65460205078125,26130000
2026-01-21 00:00:00-05:00,MSFT,449.74670883889326,449.8361378186282,435.9144504613163,441.3102111816406,37980500
2026-01-22 00:00:00-05:00,MSFT,444.79810039972057,449.9851935867555,441.89652570286836,448.2959289550781,25349400
2026-01-23 00:00:00-05:00,MSFT,449.02131930234236,468.1301005814363,447.6897705604439,463.0125732421875,38000200
2026-01-26 00:00:00-05:00,MSFT,462.376577380716,471.26022001105116,459.0874468004336,467.31524658203125,29291200
2026-01-27 00:00:00-05:00,MSFT,470.7137518035326,479.8259260665289,470.17714753577707,477.55035400390625,29213900
2026-01-28 00:00:00-05:00,MSFT,480.1637149068934,480.69037244143027,474.9865685400099,478.59368896484375,36875400
2026-01-29 00:00:00-05:00,MSFT,437.2162272399066,439.7104135269112,418.36581575660404,430.76715087890625,128855300
2026-01-30 00:00:00-05:00,MSFT,436.4013853645445,436.8286672682951,423.7615739365565,427.5773620605469,58566800
2026-02-02 00:00:00-05:00,MSFT,427.5277051213245,428.0245530606437,419.58808475506504,420.7010192871094,42219900
2026-02-03 00:00:00-05:00,MSFT,419.34957819955315,419.3893041977899,405.9843574339844,408.6176452636719,61424100
2026-02-04 00:00:00-05:00,MSFT,408.4089957411405,417.15350712085007,406.6600813351222,411.5788879394531,45012400
2026-02-05 00:00:00-05:00,MSFT,404.87141244319446,405.72597626088844,389.84673704915224,391.188232421875,66289200
2026-02-06 00:00:00-05:00,MSFT,396.6535630940219,399.25704122003975,390.4429643868461,398.61114501953125,53515300
2026-02-09 00:00:00-05:00,MSFT,402.297746078297,412.2744602868579,398.34282592261525,410.9925842285156,45480500
2026-02-10 00:00:00-05:00,MSFT,416.97464756162884,421.0090502850332,410.0982892644293,410.6646728515625,44857900
2026-02-11 00:00:00-05:00,MSFT,413.5562839573264,413.83451755028244,398.4819366306212,401.82073974609375,42491000
2026-02-12 00:00:00-05:00,MSFT,402.4467839094351,403.6392309547976,395.5008602319473,399.30670166015625,40802400
2026-02-13 00:00:00-05:00,MSFT,401.90028127287496,402.98340606348665,395.54060384789733,398.7900085449219,34091600
2026-02-17 00:00:00-05:00,MSFT,396.7032617740463,397.9950542597942,392.04282577248057,394.3581237792969,32078800
2026-02-18 00:00:00-05:00,MSFT,395.6201070500213,400.02217209191446,393.8215201082963,397.0808410644531,23223400
2026-02-19 00:00:00-05:00,MSFT,399.07278661262325,402.7976819572589,395.0690225854118,396.8517761230469,28234000
2026-02-20 00:00:00-05:00,MSFT,394.51123443489973,398.5050592846536,393.56508699389525,395.6267395019531,34015200
2026-02-23 00:00:00-05:00,MSFT,393.4057107487328,393.7642431363039,381.55374731391754,382.918212890625,43238300
2026-02-24 00:00:00-05:00,MSFT,382.58959213032324,387.7884945775691,380.16937672197673,387.4299621582031,33884700
2026-02-25 00:00:00-05:00,MSFT,388.95376053046306,399.84960746436826,388.5852587696308,398.9831237792969,43625500
2026-02-26 00:00:00-05:00,MSFT,403.0765245044552,405.8453028142193,397.1306190557743,400.0986022949219,34405900
2026-02-27 00:00:00-05:00,MSFT,389.30236795593413,395.2183958601928,388.30640407164015,391.15484619140625,51367200
2026-03-02 00:00:00-05:00,MSFT,391.2743390590049,399.57073485574693,389.0533591512552,396.9413757324219,35474900
2026-03-03 00:00:00-05:00,MSFT,391.5532542396072,405.05852201627056,391.0851500003899,402.2996826171875,38199200
2026-03-04 00:00:00-05:00,MSFT,399.6504140582061,409.3710312257941,398.69429724653685,403.5645751953125,35808000
2026-03-05 00:00:00-05:00,MSFT,402.78771732924594,409.9486695143622,402.7677785996419,409.0224304199219,39001300
2026-03-06 00:00:00-05:00,MSFT,407.54843921074234,411.38287590243635,406.8612216895844,407.30938720703125,31123900
2026-03-09 00:00:00-04:00,MSFT,403.2857003455267,408.55432729115563,401.8714182880504,407.757568359375,30131900
2026-03-10 00:00:00-04:00,MSFT,408.37506928692744,408.5443965203919,401.30371964643086,404.122314453125,31706400
2026-03-11 00:00:00-04:00,MSFT,403.9330670994013,407.35918518479474,399.96912002302975,403.245849609375,25512100
2026-03-12 00:00:00-04:00,MSFT,402.99687655683135,404.4808530373378,400.08864860368743,400.238037109375,27263900
2026-03-13 00:00:00-04:00,MSFT,399.3815063856616,403.16615688192843,392.65875035547907,393.9534912109375,26848000
2026-03-16 00:00:00-04:00,MSFT,396.4633374914087,399.01300251860397,393.1965772756644,398.33575439453125,27733700
2026-03-17 00:00:00-04:00,MSFT,398.6544268926901,402.7677623283013,396.1446090107731,397.79791259765625,26228300
2026-03-18 00:00:00-04:00,MSFT,395.5271533612366,396.39363710184665,389.42188971563326,390.2087097167969,25908500
2026-03-19 00:00:00-04:00,MSFT,388.52551763585893,390.90585551603124,385.4977789148814,387.4498596191406,25138800
2026-03-20 00:00:00-04:00,MSFT,385.22889118681917,385.43803509853177,378.58579850034175,380.3287353515625,50853200
2026-03-23 00:00:00-04:00,MSFT,382.3505545919761,385.64719283721575,380.1395134056624,381.4541931152344,29680100
2026-03-24 00:00:00-04:00,MSFT,380.8167328036651,380.9263046350485,370.34917314154325,371.2355651855469,42733600
2026-03-25 00:00:00-04:00,MSFT,375.39872248264555,375.5381416220395,368.13813722010167,369.5424499511719,31181200
2026-03-26 00:00:00-04:00,MSFT,369.3233510512375,373.2076042912997,363.71606927386256,364.492919921875,36836600
2026-03-27 00:00:00-04:00,MSFT,360.43931657918756,360.9871149414508,355.07108715320055,355.33001708984375,37883400
2026-03-30 00:00:00-04:00,MSFT,360.4393055378546,363.8853318939423,354.8419936524484,357.51116943359375,44797000
2026-03-31 00:00:00-04:00,MSFT,363.07862179545566,371.3949263066763,361.6046146993887,368.67596435546875,45244400
2026-04-01 00:00:00-04:00,MSFT,371.98254731341393,372.48052926345224,366.7139201659809,367.8791809082031,29417200
2026-04-02 00:00:00-04:00,MSFT,365.7278929006101,372.1319638369453,362.680245817395,371.9526672363281,24099100
2026-04-06 00:00:00-04:00,MSFT,371.98252335059567,372.22157533941066,368.0086373714944,371.375,16146600
2026-04-07 00:00:00-04:00,MSFT,368.8452727581139,370.9467724245638,365.080530373921,370.78741455078125,21443300
2026-04-08 00:00:00-04:00,MSFT,383.426192668859,383.4461010048471,369.9109552686541,372.81915283203125,33064800
2026-04-09 00:00:00-04:00,MSFT,370.9965632857518,371.99252721403565,365.5685477188417,371.56427001953125,30435300
2026-04-10 00:00:00-04:00,MSFT,371.47463812837884,374.12390583360843,368.5365323725683,369.3731384277344,28111100
2026-04-13 00:00:00-04:00,MSFT,372.10205289266787,382.98796126737693,369.5225100750242,382.8186340332031,35745800
2026-04-14 00:00:00-04:00,MSFT,386.3543213772784,393.09698589720546,384.95994763093,391.5233459472656,37504500
2026-04-15 00:00:00-04:00,MSFT,396.3936283702306,412.69755239260473,395.1287651714373,409.5602722167969,45063400
2026-04-16 00:00:00-04:00,MSFT,418.16537187855886,419.12151906860663,410.4765600541581,418.56378173828125,41642400
2026-04-17 00:00:00-04:00,MSFT,423.10539315661504,429.83808848207923,418.99205736838906,421.0835876464844,48568200
2026-04-20 00:00:00-04:00,MSFT,419.4501847919345,421.6213787702164,414.6197538627068,416.38262939453125,27582200
2026-04-21 00:00:00-04:00,MSFT,418.54386715015573,425.4558591722327,415.51615872358184,422.44805908203125,32048500
2026-04-22 00:00:00-04:00,MSFT,424.4698510786937,431.9495495900464,421.9600330275293,431.1726989746094,29378200
2026-04-23 00:00:00-04:00,MSFT,418.19526527607866,421.9500379562064,409.7494810939023,414.07196044921875,38308000
2026-04-24 00:00:00-04:00,MSFT,415.28707116170386,423.23487407473965,414.12178001797366,422.90618896484375,27457400
2026-04-27 00:00:00-04:00,MSFT,420.6752229306716,425.38611256831246,415.3866572294081,423.1053771972656,30867300
2026-04-28 00:00:00-04:00,MSFT,422.8563830057505,428.1847957314844,420.197146128082,427.5174865722656,30438100
2026-04-29 00:00:00-04:00,MSFT,422.866306449911,425.0972860808559,418.59364353468584,422.7467956542969,38288300
2026-04-30 00:00:00-04:00,MSFT,409.15192465494977,412.74737011555624,396.4035989759817,406.1341552734375,70909400
2026-05-01 00:00:00-04:00,MSFT,411.1338775963461,415.4264794885345,408.7834174283456,412.76727294921875,31372400
2026-05-04 00:00:00-04:00,MSFT,409.87897009526375,419.0816663151199,409.14193618030583,411.9505615234375,28066500
2026-05-05 00:00:00-04:00,MSFT,413.6437352165572,415.09783400354706,407.1500311208482,409.7196350097656,25700900
2026-05-06 00:00:00-04:00,MSFT,406.3532485673598,416.73120520087787,403.4748984673602,412.2891845703125,30285900
2026-05-07 00:00:00-04:00,MSFT,418.41437649189606,426.25263786097554,417.06984955189336,419.07171630859375,34942400
2026-05-08 00:00:00-04:00,MSFT,415.70537649227293,416.9403619714099,412.32904436576047,413.44451904296875,33383800
2026-05-11 00:00:00-04:00,MSFT,406.22377045102496,411.02432350049145,403.86334099070683,410.99444580078125,35657900
2026-05-12 00:00:00-04:00,MSFT,412.8071154720842,413.8229876767416,404.9987623844293,406.1241760253906,38594200
2026-05-13 00:00:00-04:00,MSFT,401.57265715241186,404.6700902960666,399.41140211310335,403.57452392578125,29667100
2026-05-14 00:00:00-04:00,MSFT,402.847493220503,410.1777730080913,399.2620170659624,407.7774963378906,27077500
2026-05-15 00:00:00-04:00,MSFT,412.5979239362014,426.4418454559798,411.2434277199191,420.2170715332031,50771200
2026-05-18 00:00:00-04:00,MSFT,414.93848271907115,423.40417602339767,413.9325494355234,421.83056640625,32564100
2026-05-19 00:00:00-04:00,MSFT,428.16486989475214,430.9535870211983,414.808990493047,415.7352600097656,33018700
2026-05-20 00:00:00-04:00,MSFT,412.49835957243755,420.3963455784958,409.63991780241736,419.36053466796875,27864000
2026-05-21 00:00:00-04:00,MSFT,423.9518891931334,425.5388979071037,414.92886694253497,418.3025207519531,31393500
2026-05-22 00:00:00-04:00,MSFT,418.7517174636334,423.60257118762803,415.54772693408205,417.7835388183594,22390300
2026-05-26 00:00:00-04:00,MSFT,415.6475333356961,418.9812539216563,412.24393696715845,415.248291015625,30398000
2026-05-27 00:00:00-04:00,MSFT,410.23773822181624,415.15846763645,408.8104019854481,411.8946228027344,28901500
2026-05-28 00:00:00-04:00,MSFT,412.2040283766931,428.68298564682067,411.89461329838434,426.18768310546875,47250500
2026-05-29 00:00:00-04:00,MSFT,431.7372486144539,449.48383969057267,431.54760317786213,449.3940124511719,79654400
2026-06-01 00:00:00-04:00,MSFT,463.96658383705716,465.4438139523178,457.40892124774234,459.6546936035156,53628900
2026-06-02 00:00:00-04:00,MSFT,446.0403151791343,452.64787129328397,439.6024225764256,440.48077392578125,37036800
2026-06-03 00:00:00-04:00,MSFT,437.62618910935214,439.56254639446627,423.45285793258154,426.53704833984375,39037000
2026-06-04 00:00:00-04:00,MSFT,434.9911260035114,435.33048350032107,425.60879436274143,427.2456970214844,26899500
2026-06-05 00:00:00-04:00,MSFT,427.5351398188391,428.66302140752947,413.6213308264138,415.8870849609375,34782200
2026-06-08 00:00:00-04:00,MSFT,413.3618539280056,416.37616844333525,407.79232157753756,410.9663391113281,32086700
2026-06-09 00:00:00-04:00,MSFT,408.26144336727174,411.20591258759293,397.7312786929967,402.6520080566406,35317300
2026-06-10 00:00:00-04:00,MSFT,397.80110870103243,404.2789346443135,396.41373636313654,396.61334228515625,32576000
2026-06-11 00:00:00-04:00,MSFT,394.46741202742857,396.1043451719433,383.278483574852,389.6065673828125,47224100
2026-06-12 00:00:00-04:00,MSFT,390.6945042817559,391.003919361718,381.55171206615995,390.00579833984375,34865800
2026-06-15 00:00:00-04:00,MSFT,396.05442037645633,400.99513175706005,392.11186050588947,399.0088806152344,32266400
2026-06-16 00:00:00-04:00,MSFT,395.0463355104342,396.094350419825,389.9559121071713,393.0899963378906,31506800
2026-06-17 00:00:00-04:00,MSFT,389.51671695343225,389.6364865987809,376.6110198431126,378.1980285644531,41987800
2026-06-18 00:00:00-04:00,MSFT,377.11008548581106,380.6534028700893,372.5786075934489,378.6871032714844,59714200
2026-06-22 00:00:00-04:00,MSFT,375.0339909424311,380.9129385065033,366.3802985575179,366.6497802734375,45171100
2026-06-23 00:00:00-04:00,MSFT,371.6802994138851,376.51120135394876,369.9735210485466,373.23736572265625,40647600
2026-06-24 00:00:00-04:00,MSFT,370.87185096853153,378.16811350773463,364.09460041679364,364.7733154296875,44509900
2026-06-25 00:00:00-04:00,MSFT,362.0883479855026,363.5456265920902,348.54386902384044,352.1670227050781,66179000
2026-06-26 00:00:00-04:00,MSFT,356.4789138154501,375.90234020580533,354.762144454129,372.2691955566406,186201600
2026-06-29 00:00:00-04:00,MSFT,376.790685328561,379.7850483907747,359.2237492715265,367.8774719238281,51229900
2026-06-30 00:00:00-04:00,MSFT,370.3328407149792,373.44697342275583,366.7595808670141,372.319091796875,44945700
2026-07-01 00:00:00-04:00,MSFT,380.1144231011508,388.09939143880604,374.18561213385976,383.5579528808594,48065800
2026-07-02 00:00:00-04:00,MSFT,383.7575696594082,391.4630649298244,382.97903650468743,389.7562561035156,42128900
2026-07-06 00:00:00-04:00,MSFT,386.31276024010407,388.418780928489,380.5036887115837,386.0133056640625,34224500
2026-07-07 00:00:00-04:00,MSFT,391.75251064257776,394.8267404517197,387.4905448392632,388.109375,29297500
2026-07-08 00:00:00-04:00,MSFT,383.3084264217563,384.58602015004215,380.6134873969759,382.6197204589844,25908300
2026-07-09 00:00:00-04:00,MSFT,373.74643420118315,383.92725049460796,372.64849496928053,383.6377868652344,31083200
2026-07-10 00:00:00-04:00,MSFT,387.07131223677504,391.1736053926777,380.783162110783,384.37640380859375,24644600
2026-07-13 00:00:00-04:00,MSFT,387.02143811329415,392.91034623109437,383.4281962321871,390.2553405761719,28914900
2026-07-14 00:00:00-04:00,MSFT,382.1007052927433,387.46061042423804,377.93852713765,384.20672607421875,27863900
2026-07-15 00:00:00-04:00,MSFT,387.07132248997675,398.2103568181361,385.6739591427675,394.8866271972656,36253700
2026-07-16 00:00:00-04:00,MSFT,397.56157784187184,405.2271399033625,391.31333055964967,400.3463439941406,37047400
2026-07-17 00:00:00-04:00,MSFT,394.1180409920291,397.64143734197864,388.6583483977542,393.08001708984375,33049800
2026-07-20 00:00:00-04:00,MSFT,390.67455694621333,402.4224305318551,388.91785418191677,401.53411865234375,27915800
2026-07-21 00:00:00-04:00,MSFT,398.0606303262699,400.7156358198418,395.57531880381754,397.00262451171875,24126600
2026-07-22 00:00:00-04:00,MSFT,398.8291961465565,400.246541441447,386.2329133568751,389.6065673828125,28142500
2026-07-23 00:00:00-04:00,MSFT,389.23725659651495,391.04385321150613,376.68090752842744,380.8630065917969,30351800
2026-07-24 00:00:00-04:00,MSFT,386.32274187573427,388.29903252889795,379.9347732203772,380.9828186035156,27659400
2026-07-27 00:00:00-04:00,MSFT,389.3470355932277,393.45931979821836,387.2609663085435,388.368896484375,27856200
2026-07-28 00:00:00-04:00,MSFT,392.4212554523594,399.56780545733704,390.5647345556998,392.61090087890625,32367500
2026-07-29 00:00:00-04:00,MSFT,392.6607942930367,400.4960502148319,388.00954678983055,389.8061828613281,47209000
2026-07-30 00:00:00-04:00,MSFT,437.07720086969465,457.8281459885008,431.6274684759506,450.2524108886719,110160700
2026-07-31 00:00:00-04:00,MSFT,449.1544591210436,465.962813447145,448.4857046349594,463.8468017578125,60846000
2026-08-03 00:00:00-04:00,MSFT,475.2353605631651,490.7261876465455,474.10747895013026,486.73370361328125,66762100
2026-08-04 00:00:00-04:00,MSFT,479.99640781848416,498.50158065157444,478.2696778930625,491.884033203125,50455500
2026-08-05 00:00:00-04:00,MSFT,495.42733843271316,497.3038108374591,484.7674131728324,486.5440673828125,33388900
2026-08-06 00:00:00-04:00,MSFT,487.6319998350186,500.61756372489685,487.60205742358346,498.9207458496094,36441500
2026-08-07 00:00:00-04:00,MSFT,498.2719734340298,504.23075699317457,497.79289485093346,499.0505065917969,28846200
2026-08-10 00:00:00-04:00,MSFT,502.4940586092805,512.7647021753171,501.32624359045303,505.109130859375,31206100
2026-08-11 00:00:00-04:00,MSFT,503.3823542433026,504.38047525067043,498.61133704649393,502.86334228515625,23049800
2026-08-12 00:00:00-04:00,MSFT,499.0505227551261,500.557695253814,490.59643643442394,491.5047302246094,29001500
2026-08-13 00:00:00-04:00,MSFT,492.34314786956145,500.3979918654044,492.0836571155829,495.9463806152344,23039000
2026-08-14 00:00:00-04:00,MSFT,495.42733437790497,499.07050046550256,492.991947114923,494.4691467285156,16217600
2026-08-17 00:00:00-04:00,MSFT,489.21906226283284,491.73431632358415,477.51109147171053,479.44744873046875,29635800
2026-08-18 00:00:00-04:00,MSFT,480.6352093836093,483.36006030134655,476.2534434403709,480.72503662109375,24087600
2026-08-19 00:00:00-04:00,MSFT,479.16797047398614,488.3806080919379,478.4592826108848,483.3999938964844,19961900
2026-08-20 00:00:00-04:00,MSFT,483.29998779296875,484.1600036621094,479.5,481.1499938964844,20020800
2026-08-21 00:00:00-04:00,MSFT,479.8800048828125,486.3599853515625,478.5299987792969,483.239990234375,22510800
2026-08-24 00:00:00-04:00,MSFT,483.2099914550781,490.6099853515625,481.8599853515625,487.30999755859375,17230800
2026-08-25 00:00:00-04:00,MSFT,485.44000244140625,492.44000244140625,484.29998779296875,491.7099914550781,19519000
2026-08-26 00:00:00-04:00,MSFT,487.8500061035156,497.3999938964844,487.30999755859375,496.3699951171875,20758900
2026-08-27 00:00:00-04:00,MSFT,494.8800048828125,506.4800109863281,490.0799865722656,505.05999755859375,28688800
2026-08-28 00:00:00-04:00,MSFT,505.3299865722656,517.780029296875,504.8699951171875,513.530029296875,29207300
2026-08-31 00:00:00-04:00,MSFT,510.3800048828125,512.1900024414062,506.3900146484375,507.2900085449219,27208900
2026-09-01 00:00:00-04:00,MSFT,497.5199890136719,505.9700012207031,496.7799987792969,501.0199890136719,21046900
2026-09-02 00:00:00-04:00,MSFT,499.8500061035156,500.2699890136719,493.80999755859375,496.82000732421875,15336100
2026-09-03 00:00:00-04:00,MSFT,501.6600036621094,515.6500244140625,500.79998779296875,510.1199951171875,24125900
2026-09-04 00:00:00-04:00,MSFT,510.0,511.0,499.3599853515625,499.70001220703125,18101800
2026-09-08 00:00:00-04:00,MSFT,493.010009765625,495.19000244140625,490.1499938964844,493.95001220703125,18882300
2026-09-09 00:00:00-04:00,MSFT,493.07000732421875,494.3900146484375,489.79998779296875,491.6499938964844,12875900
2024-09-09 00:00:00-04:00,GOOGL,,,,,0
2024-09-10 00:00:00-04:00,GOOGL,149.40089405204117,150.2151833830649,147.30560668726096,147.62338256835938,31118800
2024-09-11 00:00:00-04:00,GOOGL,148.87456789416893,150.44355197063078,146.49130976548943,150.10592651367188,29607700
2024-09-12 00:00:00-04:00,GOOGL,152.72751965051293,153.74041119456226,151.58552977811232,153.61131286621094,29621500
2024-09-13 00:00:00-04:00,GOOGL,154.3461563209122,157.27559765598852,154.12770435368589,156.3620147705078,29591200
2024-09-16 00:00:00-04:00,GOOGL,156.2130393678647,157.14648695965292,155.50799884377685,156.9578094482422,18379800
2024-09-17 00:00:00-04:00,GOOGL,157.911134323935,159.4304641960374,157.2755977444437,158.20904541015625,20715600
2024-09-18 00:00:00-04:00,GOOGL,158.7452873120723,159.38082394788734,157.49407882192074,158.6956329345703,23677300
2024-09-19 00:00:00-04:00,GOOGL,162.56841287927963,162.64784168369965,160.2149292220262,161.0093536376953,26587700
2024-09-20 00:00:00-04:00,GOOGL,162.35991099365975,162.58830295605833,160.92994972015902,162.44927978515625,40896400
2024-09-23 00:00:00-04:00,GOOGL,163.20395671072333,164.33600662936618,160.5426370715715,160.7213897705078,24150900
2024-09-24 00:00:00-04:00,GOOGL,161.89317053912484,162.0818480701299,159.56949128360392,161.1583251953125,23332100
2024-09-25 00:00:00-04:00,GOOGL,160.3440420812531,161.67469438550233,160.17522933988297,160.36390686035156,18869200
2024-09-26 00:00:00-04:00,GOOGL,162.49890337717716,162.93583758934093,161.1483863361193,161.59524536132812,20319300
2024-09-27 00:00:00-04:00,GOOGL,161.67471259736777,164.54455982870763,161.4959750225079,162.8067626953125,21101300
2024-09-30 00:00:00-04:00,GOOGL,162.1811552014193,164.99140790109868,162.12156086139018,164.69351196289062,20413900
2024-10-01 00:00:00-04:00,GOOGL,166.52067729796633,167.98042800067057,163.4323631439142,165.8255615234375,28338100
2024-10-02 00:00:00-04:00,GOOGL,165.2595227746661,166.35185834560912,163.58130501221132,164.70343017578125,17760200
2024-10-03 00:00:00-04:00,GOOGL,163.26354430672865,165.47798988885472,162.77695570651093,164.70343017578125,15073100
2024-10-04 00:00:00-04:00,GOOGL,166.8880921706125,167.05690491903522,164.32608104579808,165.8950653076172,19047400
2024-10-07 00:00:00-04:00,GOOGL,166.5504741138898,167.30516910862042,161.6151291721409,161.84352111816406,22463100
2024-10-08 00:00:00-04:00,GOOGL,162.79679995757814,163.58128438514402,161.73425411324558,163.23373413085938,23072700
2024-10-09 00:00:00-04:00,GOOGL,162.31023226464953,163.69053895167258,158.62611121223813,160.7313232421875,31181800
2024-10-10 00:00:00-04:00,GOOGL,159.74824453659568,161.93291600237342,159.28152064639673,160.94981384277344,14144100
2024-10-11 00:00:00-04:00,GOOGL,160.99943947811877,162.7570859994371,160.11564623470997,162.10169982910156,15344300
2024-10-14 00:00:00-04:00,GOOGL,162.49890499208357,165.07084076824168,162.26057310515668,163.80970764160156,19016100
2024-10-15 00:00:00-04:00,GOOGL,164.63391416283739,166.51073429604153,163.4820145370709,164.3062286376953,20247200
2024-10-16 00:00:00-04:00,GOOGL,163.3827194845321,164.64386792755846,162.59823487734482,164.00833129882812,16406000
2024-10-17 00:00:00-04:00,GOOGL,164.57433190772997,165.2098684713458,161.62504101734748,161.79385375976562,21453400
2024-10-18 00:00:00-04:00,GOOGL,162.0520493579974,163.5614543687219,161.94281580158204,162.2804412841797,19757700
2024-10-21 00:00:00-04:00,GOOGL,161.8137333852295,163.35292813982096,161.48603268374447,162.92593383789062,20946500
2024-10-22 00:00:00-04:00,GOOGL,161.84350752043144,164.61406084451548,161.84350752043144,163.9884490966797,16568100
2024-10-23 00:00:00-04:00,GOOGL,163.6111016800633,164.66372289048581,160.80083381909756,161.64491271972656,18280500
2024-10-24 00:00:00-04:00,GOOGL,161.69454543683605,162.19105880543688,159.88722950198394,161.58531188964844,22412500
2024-10-25 00:00:00-04:00,GOOGL,162.52868955985642,164.43529913917524,162.2804328674599,164.11753845214844,19828900
2024-10-28 00:00:00-04:00,GOOGL,167.57326188738554,167.57326188738554,162.80673051877835,165.5574188232422,32138600
2024-10-29 00:00:00-04:00,GOOGL,166.5603811631735,169.1919112784263,165.92484461634618,168.4967803955078,42169000
2024-10-30 00:00:00-04:00,GOOGL,179.42009804800398,180.75076564711753,172.84626463450343,173.2434844970703,68890800
2024-10-31 00:00:00-04:00,GOOGL,171.92274281377416,175.58701430239046,169.80759078159048,169.9168243408203,44769000
2024-11-01 00:00:00-04:00,GOOGL,168.88407180529182,171.11838206105315,167.70236751230738,170.09555053710938,31796500
2024-11-04 00:00:00-05:00,GOOGL,168.7450359899921,169.53946045641658,166.83842636200512,168.0598602294922,21492700
2024-11-05 00:00:00-05:00,GOOGL,168.24854540819413,169.3408810917044,167.6626631563061,168.556396484375,18242100
2024-11-06 00:00:00-05:00,GOOGL,172.58808035816057,175.706184256144,172.2901692540448,175.2791748046875,33695500
2024-11-07 00:00:00-05:00,GOOGL,176.17290261823987,179.8173094537086,175.95443549219976,179.48960876464844,25352900
2024-11-08 00:00:00-05:00,GOOGL,179.39028805337082,179.63854475709948,176.83821701828134,177.10633850097656,22006200
2024-11-11 00:00:00-05:00,GOOGL,177.33474537334146,179.29100957580835,177.22551180839807,179.0924072265625,17450400
2024-11-12 00:00:00-05:00,GOOGL,178.56607957571185,181.21745921136755,178.13907018890748,180.353515625,25134900
2024-11-13 00:00:00-05:00,GOOGL,179.2016288670182,179.69814228328764,177.295004014443,177.6326446533203,23184000
2024-11-14 00:00:00-05:00,GOOGL,177.03682125408577,177.57306422524127,173.10444351008397,174.35565185546875,31007500
2024-11-15 00:00:00-05:00,GOOGL,172.51854448191054,172.92568911299827,170.02605262888574,171.28720092773438,32504600
2024-11-18 00:00:00-05:00,GOOGL,172.2106958182379,174.21661408019878,171.69431766961333,174.0775909423828,20135300
2024-11-19 00:00:00-05:00,GOOGL,172.50861780572185,177.6226997913749,172.34972988032243,176.8779296875,23434900
2024-11-20 00:00:00-05:00,GOOGL,176.1033704582549,176.4409959363333,172.56819744687726,174.7528533935547,18997100
2024-11-21 00:00:00-05:00,GOOGL,172.6873573172244,172.91576439472308,162.55848682005697,166.46109008789062,59734400
2024-11-22 00:00:00-05:00,GOOGL,164.6935100313798,165.29925701927786,162.75709554141247,163.61109924316406,38604600
2024-11-25 00:00:00-05:00,GOOGL,164.9318072272488,167.4541036263309,164.45515863582298,166.48092651367188,33135300
2024-11-26 00:00:00-05:00,GOOGL,166.4611039634079,168.63583529706082,166.41144958796977,167.94070434570312,20486700
2024-11-27 00:00:00-05:00,GOOGL,167.82153482882035,168.29818346613916,166.8483727748482,168.0499267578125,19266500
2024-11-29 00:00:00-05:00,GOOGL,167.32502205728218,168.24852974267216,165.9943697320939,167.77188110351562,14257200
2024-12-02 00:00:00-05:00,GOOGL,167.59315505838524,170.88007169070767,167.39455270779308,170.294189453125,23789100
2024-12-03 00:00:00-05:00,GOOGL,170.2941657432139,171.47585486804743,169.6586292183714,170.14520263671875,22248700
2024-12-04 00:00:00-05:00,GOOGL,169.956535651712,173.69032622472676,169.86716687371202,173.15408325195312,31615100
2024-12-05 00:00:00-05:00,GOOGL,174.1371760101365,174.83229172271828,171.12830609165766,171.43614196777344,21356200
2024-12-06 00:00:00-05:00,GOOGL,170.83040986678466,173.85914482652376,170.66159711852214,173.49172973632812,21462400
2024-12-09 00:00:00-05:00,GOOGL,172.9449339559485,175.23150110703355,172.6367300920802,174.34669494628906,25389600
2024-12-10 00:00:00-05:00,GOOGL,181.78303836763482,185.27255132802884,179.99353870727217,184.08949279785156,54813000
2024-12-11 00:00:00-05:00,GOOGL,184.22872034890193,194.46862325114623,183.77141292751642,194.2598419189453,67894100
2024-12-12 00:00:00-05:00,GOOGL,193.86215946833025,194.04110187251197,190.59136355506865,190.83990478515625,34817500
2024-12-13 00:00:00-05:00,GOOGL,189.8954152094274,191.60537989902093,188.53341427180683,188.71237182617188,25143500
2024-12-16 00:00:00-05:00,GOOGL,191.74457308879215,197.8388085792474,191.49603187198403,195.51246643066406,44934900
2024-12-17 00:00:00-05:00,GOOGL,196.09903250515634,200.2446984442106,193.84227386580446,194.2797088623047,43504000
2024-12-18 00:00:00-05:00,GOOGL,194.08085519878878,195.85046734497547,186.64450667606317,187.30064392089844,34166100
2024-12-19 00:00:00-05:00,GOOGL,190.5118237091531,191.90364849444197,187.28078779996244,187.41001892089844,32265200
2024-12-20 00:00:00-05:00,GOOGL,184.6959380592945,191.76445049852148,184.139208190229,190.2930908203125,63462900
2024-12-23 00:00:00-05:00,GOOGL,191.49605762870533,193.96159775328474,189.04046886277803,193.4943389892578,25675000
2024-12-24 00:00:00-05:00,GOOGL,193.703074128042,194.96566772460938,192.64926182293522,194.96566772460938,10403300
2024-12-26 00:00:00-05:00,GOOGL,194.01127759173056,195.6019475277096,193.24578152744004,194.4586639404297,12046600
2024-12-27 00:00:00-05:00,GOOGL,193.8124624099493,194.18031377290308,189.53754990480707,191.63523864746094,18891400
2024-12-30 00:00:00-05:00,GOOGL,188.6925150012565,191.42646867833813,188.01647493101535,190.12411499023438,14264700
2024-12-31 00:00:00-05:00,GOOGL,189.96504702886492,190.83991706940904,187.41003573761844,188.1954345703125,17466900
2025-01-02 00:00:00-05:00,GOOGL,189.5375437207165,190.87967248578354,186.405930161898,188.3246612548828,20370800
2025-01-03 00:00:00-05:00,GOOGL,190.2533357330172,192.08261071335764,188.87144710211905,190.67088317871094,18596200
2025-01-06 00:00:00-05:00,GOOGL,192.84811629000748,197.06338121642014,192.7188851595698,195.72125244140625,29563600
2025-01-07 00:00:00-05:00,GOOGL,195.9598465030939,199.82714740579908,193.46449803391354,194.34930419921875,26487200
2025-01-08 00:00:00-05:00,GOOGL,191.44634580773328,195.14462535167834,191.2574520458894,192.8182830810547,24864800
2025-01-10 00:00:00-05:00,GOOGL,193.16624068951896,195.37328795351274,189.19951732698908,190.91941833496094,26665200
2025-01-13 00:00:00-05:00,GOOGL,188.96091407425016,190.06442245830834,186.2667207451249,189.89541625976562,21823700
2025-01-14 00:00:00-05:00,GOOGL,190.12409653498483,190.8597688353095,187.21118555715896,188.55331420898438,17174900
2025-01-15 00:00:00-05:00,GOOGL,191.963298457138,195.21422195403466,190.7404798677513,194.40895080566406,21776000
2025-01-16 00:00:00-05:00,GOOGL,193.0071507131573,194.33932788404135,191.6849097290109,191.78433227539062,17815400
2025-01-17 00:00:00-05:00,GOOGL,195.3832294332928,196.07914183949293,192.61945218456034,194.8563232421875,27735100
2025-01-21 00:00:00-05:00,GOOGL,197.90841585876197,201.10961291187695,196.71540583129996,196.8943634033203,29971300
2025-01-22 00:00:00-05:00,GOOGL,197.89847013086398,199.31018252245178,196.3773989893062,197.21249389648438,26200600
2025-01-23 00:00:00-05:00,GOOGL,196.98383809552067,199.13123797930666,194.060990781993,196.82476806640625,26951400
2025-01-24 00:00:00-05:00,GOOGL,196.9440747387753,199.72772435097139,196.8446521798743,199.04176330566406,23877500
2025-01-27 00:00:00-05:00,GOOGL,191.28727038356462,195.73118866143682,189.61706547784135,190.69076538085938,41728900
2025-01-28 00:00:00-05:00,GOOGL,191.6252920206379,194.33935805697908,189.56736331512153,194.16041564941406,24157900
2025-01-29 00:00:00-05:00,GOOGL,194.41887879385513,195.64169733166847,192.30130277467072,194.26976013183594,18218300
2025-01-30 00:00:00-05:00,GOOGL,196.84464293202117,200.2247973993167,196.51656670676422,199.69789123535156,24354700
2025-01-31 00:00:00-05:00,GOOGL,200.82132655430865,204.2810164474162,200.622496591671,202.8295440673828,32001100
2025-02-03 00:00:00-05:00,GOOGL,199.5189590127464,202.5611012223486,198.93240535424198,200.05580139160156,27838300
2025-02-04 00:00:00-05:00,GOOGL,202.20319230990248,205.841839374976,201.62657486491113,205.17575073242188,43856400
2025-02-05 00:00:00-05:00,GOOGL,189.9551150886976,191.6253050182698,186.93284497363248,190.21359252929688,70373900
2025-02-06 00:00:00-05:00,GOOGL,188.39424233982533,190.97907706252056,187.61879495696715,190.48199462890625,29297400
2025-02-07 00:00:00-05:00,GOOGL,189.9352025187049,190.06443363710238,182.17077726737304,184.25851440429688,49315000
2025-02-10 00:00:00-05:00,GOOGL,186.25681277496034,187.10184389569162,184.77550151190874,185.38194274902344,23105600
2025-02-11 00:00:00-05:00,GOOGL,183.95033114344977,185.8491897525843,183.20470746476104,184.2386474609375,21239500
2025-02-12 00:00:00-05:00,GOOGL,182.15091151282658,184.0298827457132,180.769022777209,182.53863525390625,22072600
2025-02-13 00:00:00-05:00,GOOGL,183.24449120134597,185.19304601185559,182.07136866992408,185.05386352539062,21402500
2025-02-14 00:00:00-05:00,GOOGL,183.980148455519,185.31232574087161,183.24447616019845,184.14915466308594,20448400
2025-02-18 00:00:00-05:00,GOOGL,184.51700109702455,184.8749010476211,180.67952419275377,182.6976776123047,29916700
2025-02-19 00:00:00-05:00,GOOGL,182.99593948623902,184.3778280833638,182.51872941446393,184.18893432617188,19549400
2025-02-20 00:00:00-05:00,GOOGL,183.72168304847523,184.22870170428735,181.65381816300632,183.4830780029297,20441500
2025-02-21 00:00:00-05:00,GOOGL,184.06963495987821,184.25852872808807,178.03506158410121,178.61167907714844,35199200
2025-02-24 00:00:00-05:00,GOOGL,180.9280885264688,182.0514846282233,177.84617104858543,178.20407104492188,29854200
2025-02-25 00:00:00-05:00,GOOGL,177.00109982499515,177.69702734245087,173.6706567432134,174.39639282226562,41913400
2025-02-26 00:00:00-05:00,GOOGL,174.04844897153603,175.05255001700533,170.57880815600546,171.7220916748047,35431300
2025-02-27 00:00:00-05:00,GOOGL,172.97477115402882,173.54143730705212,166.96006996247044,167.5167999267578,39991000
2025-02-28 00:00:00-05:00,GOOGL,167.6957223580091,169.61446843814767,165.79687899247813,169.28639221191406,48130600
2025-03-03 00:00:00-05:00,GOOGL,170.92676623691273,172.35836613901347,164.96177675799476,166.0354766845703,40770500
2025-03-04 00:00:00-05:00,GOOGL,165.2699838540156,172.27883449293637,164.8325488565178,169.92266845703125,45388000
2025-03-05 00:00:00-05:00,GOOGL,169.52499437059117,172.76596631858905,168.07350701574754,172.01040649414062,30954900
2025-03-06 00:00:00-05:00,GOOGL,169.53491220485785,173.78993608616386,169.50508847618397,171.34429931640625,28302000
2025-03-07 00:00:00-05:00,GOOGL,170.26067003299855,173.94902837231132,169.2764565211612,172.8455047607422,27385800
2025-03-10 00:00:00-04:00,GOOGL,167.47084644350338,167.66992058295483,162.922287876859,165.09205627441406,43604000
2025-03-11 00:00:00-04:00,GOOGL,164.1365751658598,165.96794191446463,160.61316927344419,163.27064514160156,39587400
2025-03-12 00:00:00-04:00,GOOGL,165.79871989426576,166.85374592604674,162.76302175465403,166.32623291015625,28372400
2025-03-13 00:00:00-04:00,GOOGL,165.261242942738,165.3508323726828,161.34968247166375,161.9966278076172,31756200
2025-03-14 00:00:00-04:00,GOOGL,162.5042625866914,165.70916189584676,161.68810112377207,164.71385192871094,31995900
2025-03-17 00:00:00-04:00,GOOGL,164.2559897412009,165.52003755245735,162.90236768488202,163.5194549560547,31184300
2025-03-18 00:00:00-04:00,GOOGL,162.9123202600298,163.47965420375513,155.98497172829607,159.91644287109375,42074800
2025-03-19 00:00:00-04:00,GOOGL,161.0013078964,165.09203178483114,160.24487791525596,163.12132263183594,34275600
2025-03-20 00:00:00-04:00,GOOGL,160.81222633390425,164.11664727374668,160.20508669307458,162.0364532470703,28138500
2025-03-21 00:00:00-04:00,GOOGL,160.45392574948156,163.4697137211131,160.1354192715889,163.22088623046875,36625800
2025-03-24 00:00:00-04:00,GOOGL,166.28644543898992,167.53058291242263,164.36548928265282,166.89356994628906,30879100
2025-03-25 00:00:00-04:00,GOOGL,168.1874640642974,169.82973452544573,167.53057106706197,169.7600555419922,24174400
2025-03-26 00:00:00-04:00,GOOGL,168.20738179291607,168.81452147078184,164.06688875000268,164.28585815429688,28901600
2025-03-27 00:00:00-04:00,GOOGL,163.85788568655383,164.64417388270883,161.24021559810473,161.47909545898438,24508300
2025-03-28 00:00:00-04:00,GOOGL,159.73728296251087,161.06104688273138,152.90945679818688,153.60617065429688,48669300
2025-03-31 00:00:00-04:00,GOOGL,152.3918806247014,154.8104760939089,149.9533747075238,153.91470336914062,54603500
2025-04-01 00:00:00-04:00,GOOGL,152.89949705290155,157.35849619606978,152.89949705290155,156.3333282470703,30672900
2025-04-02 00:00:00-04:00,GOOGL,154.4223014614319,157.66702096255182,153.97441511188723,156.30343627929688,25041700
2025-04-03 00:00:00-04:00,GOOGL,150.40127754802887,152.06344323592336,149.68465321481136,150.0131072998047,46883400
2025-04-04 00:00:00-04:00,GOOGL,147.31578384373537,150.36144429569765,144.69812964913294,144.91709899902344,62259500
2025-04-07 00:00:00-04:00,GOOGL,140.88612829073566,152.13313390933345,139.87090787612016,146.06173706054688,76794100
2025-04-08 00:00:00-04:00,GOOGL,150.5107721866655,151.5259925903324,142.35918124819136,144.02134704589844,52200200
2025-04-09 00:00:00-04:00,GOOGL,143.74263667980892,158.80167851894325,143.23503415914513,157.9656219482422,70406200
2025-04-10 00:00:00-04:00,GOOGL,155.80581046857128,156.9802840886705,149.22681119385487,152.103271484375,48022000
2025-04-11 00:00:00-04:00,GOOGL,152.1828952060654,156.93052822964722,152.10328376963045,156.40301513671875,33636200
2025-04-14 00:00:00-04:00,GOOGL,159.24959030436233,160.96152461511218,156.82103162226488,158.32395935058594,30333000
2025-04-15 00:00:00-04:00,GOOGL,158.38367026397722,158.90122048049952,154.48205725338974,155.57688903808594,27551500
2025-04-16 00:00:00-04:00,GOOGL,152.381953334393,155.1588613016161,150.7993990348029,152.61087036132812,28187400
2025-04-17 00:00:00-04:00,GOOGL,153.5663283495849,153.9544985286828,147.80349181571307,150.45101928710938,33046600
2025-04-21 00:00:00-04:00,GOOGL,148.18173331794077,148.25139710913984,145.41477318745027,146.97740173339844,26049100
2025-04-22 00:00:00-04:00,GOOGL,148.191681312594,151.47620681854735,147.84331679407512,150.75958251953125,26971800
2025-04-23 00:00:00-04:00,GOOGL,154.88018931651595,156.79118268922488,153.08862828359344,154.6214141845703,31128800
2025-04-24 00:00:00-04:00,GOOGL,155.41763415068155,158.84150262211006,155.0593219807129,158.532958984375,45894000
2025-04-25 00:00:00-04:00,GOOGL,164.29580798857202,165.32097594255075,160.2846952290497,161.2003936767578,56034000
2025-04-28 00:00:00-04:00,GOOGL,161.66817604969367,162.38480037619334,157.85615258510526,159.85671997070312,29745800
2025-04-29 00:00:00-04:00,GOOGL,159.56808195579998,159.98611026905985,156.78121134684457,159.40882873535156,26809000
2025-04-30 00:00:00-04:00,GOOGL,157.2390449367046,158.52300314058715,154.67114371616248,158.05520629882812,34981100
2025-05-01 00:00:00-04:00,GOOGL,159.69746807136784,161.19043289943403,158.16469753026496,160.54348754882812,30203200
2025-05-02 00:00:00-04:00,GOOGL,162.64357867514303,164.19625953903196,161.11079307252896,163.2606658935547,25715000
2025-05-05 00:00:00-04:00,GOOGL,162.23551815903613,164.61430827792813,161.95683259435438,163.43984985351562,21341800
2025-05-06 00:00:00-04:00,GOOGL,161.40939053220953,164.02706019999394,160.43399116800987,162.46441650390625,21277200
2025-05-07 00:00:00-04:00,GOOGL,163.31046231573168,164.22614566911673,147.1466228745946,150.67002868652344,127490100
2025-05-08 00:00:00-04:00,GOOGL,154.27303609354425,155.19866702023802,152.1828792070647,153.55641174316406,57498700
2025-05-09 00:00:00-04:00,GOOGL,153.4469228058081,154.3228003625665,151.48616112175256,152.03358459472656,32435300
2025-05-12 00:00:00-04:00,GOOGL,156.75137548916837,158.35382517745646,155.5171856365556,157.71682739257812,44138800
2025-05-13 00:00:00-04:00,GOOGL,158.04526446648646,159.81693019668407,155.42760955592857,158.78179931640625,42382100
2025-05-14 00:00:00-04:00,GOOGL,159.20979069166216,166.21676625125212,158.86142612462882,164.5944061279297,48755900
2025-05-15 00:00:00-04:00,GOOGL,165.06218171025907,165.43045668169412,161.60845531931332,163.19100952148438,33146700
2025-05-16 00:00:00-04:00,GOOGL,166.94332352608356,168.55573587450803,164.8432190515902,165.41055297851562,42846900
2025-05-19 00:00:00-04:00,GOOGL,163.73843316462222,165.85844820194703,163.44979996369122,165.7589111328125,30426100
2025-05-20 00:00:00-04:00,GOOGL,165.6493976210667,167.70969613346296,162.13595535028108,163.2108917236328,46607700
2025-05-21 00:00:00-04:00,GOOGL,162.92227037071072,172.32794533461094,162.7928752314158,167.76942443847656,73416000
2025-05-22 00:00:00-04:00,GOOGL,171.0440028391721,175.94092545127197,169.90935022401754,170.06858825683594,74864400
2025-05-23 00:00:00-04:00,GOOGL,168.26708452621156,169.1628725233235,167.10257379846712,167.6798553466797,35211400
2025-05-27 00:00:00-04:00,GOOGL,169.3619263053745,172.3578034614341,169.20267308577203,172.0890655517578,37995700
2025-05-28 00:00:00-04:00,GOOGL,172.34787146642654,174.44797603039132,171.10373405145273,171.55162048339844,34784000
2025-05-29 00:00:00-04:00,GOOGL,173.1839175950813,173.60194591853366,169.82972818892713,171.053955078125,29317300
2025-05-30 00:00:00-04:00,GOOGL,170.5463542897915,171.4023213954702,166.65468900773928,170.9345245361328,52639900
2025-06-02 00:00:00-04:00,GOOGL,167.0528072022302,169.07328505076367,166.6049207920985,168.2372283935547,38612300
2025-06-03 00:00:00-04:00,GOOGL,166.70444231356663,167.68978928654823,164.50480099371782,165.40057373046875,45084900
2025-06-04 00:00:00-04:00,GOOGL,165.95797207058334,167.4310264158141,165.57974946262576,167.26182556152344,26900800
2025-06-05 00:00:00-04:00,GOOGL,169.54108125937032,170.12831044344654,166.80397909025658,167.42108154296875,36379100
2025-06-06 00:00:00-04:00,GOOGL,170.0287933558417,173.68157889465496,170.0287933558417,172.86541748046875,35731800
2025-06-09 00:00:00-04:00,GOOGL,173.93168685751374,175.85496833236684,173.76228116584014,175.47628784179688,28935900
2025-06-10 00:00:00-04:00,GOOGL,175.58590961128442,180.47880106496282,174.30041217393423,177.97755432128906,61766100
2025-06-11 00:00:00-04:00,GOOGL,179.1434824964821,179.74138229531295,176.1340033305199,176.73191833496094,31646800
2025-06-12 00:00:00-04:00,GOOGL,175.5659846289993,176.104111180473,174.14097564629483,175.08766174316406,20941900
2025-06-13 00:00:00-04:00,GOOGL,171.8390248989685,176.51268202547473,171.78919611484426,174.06124877929688,27663100
2025-06-16 00:00:00-04:00,GOOGL,174.12103189678987,176.32333636040028,174.04130888575864,176.1539306640625,27389200
2025-06-17 00:00:00-04:00,GOOGL,175.0876480323832,176.74186625647056,173.9715563176299,175.33677673339844,24973000
2025-06-18 00:00:00-04:00,GOOGL,175.39656976170295,175.94465595934807,172.596365522182,172.71595764160156,28707500
2025-06-20 00:00:00-04:00,GOOGL,173.3437557670882,173.7323959518227,164.88335439041927,166.05923461914062,75659900
2025-06-23 00:00:00-04:00,GOOGL,165.6905415370858,166.75680460442126,161.43541853179397,164.6143035888672,57671000
2025-06-24 00:00:00-04:00,GOOGL,166.3382528798913,167.63372519441324,165.55101285806253,166.18878173828125,40524300
2025-06-25 00:00:00-04:00,GOOGL,167.04577098702603,171.7592814568519,166.96604798303133,170.0851287841797,35479000
2025-06-26 00:00:00-04:00,GOOGL,171.8290485705118,173.08466701517526,169.34773632150527,172.9351806640625,31796700
2025-06-27 00:00:00-04:00,GOOGL,172.93517666884486,178.057262279745,171.13148726193396,177.9077911376953,108140200
2025-06-30 00:00:00-04:00,GOOGL,180.14994433141436,180.59837295030215,173.9715556124037,175.6157989501953,63378900
2025-07-01 00:00:00-04:00,GOOGL,175.12753048692775,175.47630157156493,172.9252259116377,175.2271728515625,35904500
2025-07-02 00:00:00-04:00,GOOGL,174.92819320035304,178.23662948182692,174.4598452552033,178.01739501953125,29128900
2025-07-03 00:00:00-04:00,GOOGL,177.8779030413717,179.0438236063814,176.43295953117723,178.90431213378906,21689700
2025-07-07 00:00:00-04:00,GOOGL,178.43593621915562,178.67510524325024,175.0677113564662,176.17384338378906,34175600
2025-07-08 00:00:00-04:00,GOOGL,177.2301614259221,177.3298037815242,172.20771837081963,173.7523193359375,40442500
2025-07-09 00:00:00-04:00,GOOGL,174.63920474769347,178.8146038590092,172.16785249870574,176.00442504882812,43025600
2025-07-10 00:00:00-04:00,GOOGL,175.0178914126315,177.8081205641565,173.77224796798342,177.00094604492188,29252400
2025-07-11 00:00:00-04:00,GOOGL,176.17385213436023,180.797680390592,175.86493496639972,179.56201171875,34282900
2025-07-14 00:00:00-04:00,GOOGL,180.37914463511837,183.02987774300456,179.05377808117527,180.92723083496094,32536600
2025-07-15 00:00:00-04:00,GOOGL,182.17288201396957,183.57797163820845,180.96710752938097,181.36570739746094,33448300
2025-07-16 00:00:00-04:00,GOOGL,182.60136914957832,183.68756658300003,181.39557960576295,182.33230590820312,33104200
2025-07-17 00:00:00-04:00,GOOGL,181.50518668846405,183.4184930860907,179.8509686385884,182.94017028808594,31992600
2025-07-18 00:00:00-04:00,GOOGL,184.75383518149354,185.7702845204503,183.069737966418,184.41502380371094,34014500
2025-07-21 00:00:00-04:00,GOOGL,185.60086647203485,189.62677924759166,185.5012089178604,189.4374542236328,45803100
2025-07-22 00:00:00-04:00,GOOGL,190.8325874995953,190.98205863993607,186.80667432845317,190.6731414794922,44660200
2025-07-23 00:00:00-04:00,GOOGL,190.8325947249331,191.85900380909362,188.520672962732,189.5670166015625,58681900
2025-07-24 00:00:00-04:00,GOOGL,196.34329095248222,197.26008265567518,190.33430850259245,191.50022888183594,74881700
2025-07-25 00:00:00-04:00,GOOGL,191.31091436137532,193.65273031316045,190.59342246149265,192.50672912597656,39785900
2025-07-28 00:00:00-04:00,GOOGL,192.97507635824056,193.37369138388394,190.17487232763284,191.9088134765625,38139500
2025-07-29 00:00:00-04:00,GOOGL,191.7593429801203,195.23718523880464,191.41057191018163,195.06777954101562,41389200
2025-07-30 00:00:00-04:00,GOOGL,194.91831074404357,196.91134044406198,194.0114785811888,195.84506225585938,32445400
2025-07-31 00:00:00-04:00,GOOGL,195.02793567277016,195.3069586253216,190.42402654445044,191.231201171875,51329200
2025-08-01 00:00:00-04:00,GOOGL,188.371198147092,190.16492789219942,187.16542371122097,188.47085571289062,34832200
2025-08-04 00:00:00-04:00,GOOGL,189.62681422005014,194.58946938551787,189.45740851119675,194.36026000976562,31547400
2025-08-05 00:00:00-04:00,GOOGL,194.0313852166864,197.1704004603002,193.2142358585653,193.99151611328125,31602300
2025-08-06 00:00:00-04:00,GOOGL,193.82213079278006,195.94471220658852,192.99502167474958,195.40658569335938,21562900
2025-08-07 00:00:00-04:00,GOOGL,196.37319428256532,196.85151710519096,193.65271327152095,195.8350830078125,26321800
2025-08-08 00:00:00-04:00,GOOGL,196.53264334375206,201.90385732363322,196.48281456433622,200.71800231933594,39161800
2025-08-11 00:00:00-04:00,GOOGL,200.2396805407711,200.77779182670545,198.3762027845806,200.29946899414062,25832400
2025-08-12 00:00:00-04:00,GOOGL,200.66818175308578,203.7872779637538,199.8909014203329,202.63131713867188,30397900
2025-08-13 00:00:00-04:00,GOOGL,203.41856930663727,203.81716914109546,196.82163104540848,201.25613403320312,28342900
2025-08-14 00:00:00-04:00,GOOGL,200.79772807656252,203.72748396129663,200.52866482851726,202.2327117919922,25230400
2025-08-15 00:00:00-04:00,GOOGL,203.13954799676898,205.7205176785909,200.57849766290207,203.18936157226562,34931400
2025-08-18 00:00:00-04:00,GOOGL,203.4883135252893,204.5545916306713,201.7842817792717,202.79075622558594,18526600
2025-08-19 00:00:00-04:00,GOOGL,202.32239574793277,202.73097045946378,199.26310326239187,200.86749267578125,24240200
2025-08-20 00:00:00-04:00,GOOGL,200.03040999419306,200.57849617106174,195.9148142419443,198.62533569335938,28955500
2025-08-21 00:00:00-04:00,GOOGL,199.05384826660156,201.77432964491462,198.73495620472804,199.05384826660156,19774600
2025-08-22 00:00:00-04:00,GOOGL,202.02344423178036,207.81319287530533,200.59843534470966,205.37173461914062,42827000
2025-08-25 00:00:00-04:00,GOOGL,205.71054863967242,209.78630584234324,204.56456266974786,207.7633819580078,29928900
2025-08-26 00:00:00-04:00,GOOGL,206.78676588657316,207.1255924506065,204.9830766604532,206.41806030273438,28464100
2025-08-27 00:00:00-04:00,GOOGL,204.98307149903536,208.18189038820913,204.93324272273148,206.75686645507812,23022900
2025-08-28 00:00:00-04:00,GOOGL,206.5276902069273,211.4803699291827,206.17890394821848,210.9023895263672,32339300
2025-08-29 00:00:00-04:00,GOOGL,209.77632411753885,213.90189476250458,209.46740696384475,212.16796875,39728400
2025-09-02 00:00:00-04:00,GOOGL,207.7135567307211,210.94225509702446,205.48135800383685,210.61341857910156,47523000
2025-09-03 00:00:00-04:00,GOOGL,225.42162175778444,230.50383816310156,224.0065573472935,229.85610961914062,103336100
2025-09-04 00:00:00-04:00,GOOGL,228.8496136665047,231.56013509073304,225.32195802772998,231.49038696289062,51684200
2025-09-05 00:00:00-04:00,GOOGL,231.3907399385365,234.9383302920627,231.09178244912047,234.1809844970703,46588900
2025-09-08 00:00:00-04:00,GOOGL,234.85922103336074,237.51232497352402,233.06388696786647,233.43292236328125,32474700
2025-09-09 00:00:00-04:00,GOOGL,233.56257898038902,239.8462403027557,232.62501483391662,239.0084228515625,38061000
2025-09-10 00:00:00-04:00,GOOGL,238.28030242478394,241.0331528996711,237.23303823372945,238.5496063232422,35141100
2025-09-11 00:00:00-04:00,GOOGL,239.25778647565335,241.62163412512044,235.63719736660352,239.7465057373047,30599300
2025-09-12 00:00:00-04:00,GOOGL,239.746507229255,241.45207841249842,237.38265956507763,240.17539978027344,26771600
2025-09-15 00:00:00-04:00,GOOGL,244.0253822711298,251.7552796155814,244.0253822711298,250.9573516845703,58383800
2025-09-16 00:00:00-04:00,GOOGL,251.42612617048883,252.38362748338088,248.82289569604956,250.50851440429688,34109700
2025-09-17 00:00:00-04:00,GOOGL,250.56837026681998,250.94738946798665,245.64118152849247,248.88275146484375,34108000
2025-09-18 00:00:00-04:00,GOOGL,251.02715300766394,253.33117381914667,249.15203994052993,251.37625122070312,31239500
2025-09-19 00:00:00-04:00,GOOGL,252.5930770553269,255.33594363736893,251.15680993729336,254.05926513671875,55571400
2025-09-22 00:00:00-04:00,GOOGL,253.7700196733437,255.11652395864965,249.65074294375358,251.8749542236328,32290500
2025-09-23 00:00:00-04:00,GOOGL,252.38362744671002,253.7002107757565,249.8302703204236,251.00721740722656,26628000
2025-09-24 00:00:00-04:00,GOOGL,251.00722705371746,251.69543970951247,245.80076590550527,246.4989471435547,28201000
2025-09-25 00:00:00-04:00,GOOGL,243.76604145127706,245.85063173864694,240.1155467413105,245.15243530273438,31020400
2025-09-26 00:00:00-04:00,GOOGL,246.42913668030897,248.7730319241888,245.33198386371188,245.90049743652344,18503200
2025-09-29 00:00:00-04:00,GOOGL,247.20709239615746,250.4985201433971,242.1402679011131,243.4169464111328,32505800
2025-09-30 00:00:00-04:00,GOOGL,242.18018034462705,242.6589310263489,238.6294169517045,242.4694366455078,34724300
2025-10-01 00:00:00-04:00,GOOGL,240.12551089529904,245.66111761710096,237.9910625183314,244.26473999023438,31658200
2025-10-02 00:00:00-04:00,GOOGL,244.51409604788847,246.16979380429245,241.67149783253905,245.05270385742188,25483300
2025-10-03 00:00:00-04:00,GOOGL,243.85582267520638,245.66112527970623,241.0331615881319,244.71359252929688,30249600
2025-10-06 00:00:00-04:00,GOOGL,244.14507219866994,250.66811683606912,243.94559401576447,249.78041076660156,28894700
2025-10-07 00:00:00-04:00,GOOGL,247.62602723387863,249.7903967365714,244.88316034229135,245.12252807617188,23181300
2025-10-08 00:00:00-04:00,GOOGL,244.3246032710778,245.37186749350337,243.18756093367097,243.9854736328125,21307100
2025-10-09 00:00:00-04:00,GOOGL,243.83586445575082,244.12510552114733,238.52965682972516,240.9034881591797,27892100
2025-10-10 00:00:00-04:00,GOOGL,240.80372315157257,243.45682676282496,235.22822726703515,235.9563446044922,33180300
2025-10-13 00:00:00-04:00,GOOGL,239.58694087972822,243.865806618421,239.08823779870895,243.51670837402344,24995000
2025-10-14 00:00:00-04:00,GOOGL,240.60426901896764,246.47899033376285,239.88613541009548,244.81332397460938,22111600
2025-10-15 00:00:00-04:00,GOOGL,246.60863644851395,251.4560302752389,245.35191035240302,250.3788299560547,27007700
2025-10-16 00:00:00-04:00,GOOGL,251.1169327071502,256.29345747170413,249.45126638195018,250.8077392578125,27997200
2025-10-17 00:00:00-04:00,GOOGL,250.10955476977685,253.5605866634714,247.1672097408255,252.64297485351562,29671600
2025-10-20 00:00:00-04:00,GOOGL,254.0293759063695,256.6625123260812,253.5705623788801,255.88453674316406,22350200
2025-10-21 00:00:00-04:00,GOOGL,254.07923005269296,254.2188662949897,243.51668810909678,249.81033325195312,47312100
2025-10-22 00:00:00-04:00,GOOGL,253.71019631561148,255.69502480450944,248.64337127106648,251.0371551513672,35029400
2025-10-23 00:00:00-04:00,GOOGL,252.3237915100895,254.3784456458486,251.19673296350098,252.4235382080078,19901400
2025-10-24 00:00:00-04:00,GOOGL,255.9144557753844,261.0012332121926,254.65774472843228,259.2458190917969,28655100
2025-10-27 00:00:00-04:00,GOOGL,264.13309426145156,269.43930209007345,263.59448643744673,268.571533203125,35235200
2025-10-28 00:00:00-04:00,GOOGL,268.9904266199372,270.0277373828665,265.80869904433325,266.77618408203125,29738600
2025-10-29 00:00:00-04:00,GOOGL,267.05547147917497,274.6257797911847,266.97569238760303,273.8577880859375,43580300
2025-10-30 00:00:00-04:00,GOOGL,290.8336389163956,290.8336389163956,279.3335478851562,280.7498779296875,74876000
2025-10-31 00:00:00-04:00,GOOGL,282.4754124871923,285.25818441737897,276.3114492340243,280.4606628417969,39267900
2025-11-03 00:00:00-05:00,GOOGL,281.44799514978297,284.7893110688649,279.07416419046365,282.9840087890625,29786000
2025-11-04 00:00:00-05:00,GOOGL,276.03213953132416,280.5404041676455,275.5434202802167,276.8200988769531,30078400
2025-11-05 00:00:00-05:00,GOOGL,278.1466483880774,285.6770830892533,276.6206181949745,283.5725402832031,31010300
2025-11-06 00:00:00-05:00,GOOGL,284.58986519375543,287.60205105478576,280.41076169575746,284.0113830566406,37173600
2025-11-07 00:00:00-05:00,GOOGL,282.47536340962876,283.04389217242976,274.47617771869056,278.1067199707031,34479600
2025-11-10 00:00:00-05:00,GOOGL,283.6822445549795,290.0456696400176,282.12626310035637,289.3475036621094,29557300
2025-11-11 00:00:00-05:00,GOOGL,287.00361887503476,291.16281590202783,286.5747415369323,290.55438232421875,19842100
2025-11-12 00:00:00-05:00,GOOGL,290.9234183741868,291.2525794490294,282.95415298016115,285.96630859375,24829900
2025-11-13 00:00:00-05:00,GOOGL,281.60765291032834,282.1063559927165,276.5208753822851,277.8474426269531,29494000
2025-11-14 00:00:00-05:00,GOOGL,270.7059931829425,277.8374407083971,269.99784337488455,275.6930236816406,31647200
2025-11-17 00:00:00-05:00,GOOGL,285.0387085276487,293.1875295999499,282.83444961203753,284.2806701660156,52670200
2025-11-18 00:00:00-05:00,GOOGL,287.1731753233953,288.05086711584505,277.4783868942568,283.5426025390625,49158700
2025-11-19 00:00:00-05:00,GOOGL,286.4151077996695,303.02191144888764,285.88648384239787,292.0504455566406,68198900
2025-11-20 00:00:00-05:00,GOOGL,303.75007371618807,305.625202125324,287.921243180084,288.69921875,62025200
2025-11-21 00:00:00-05:00,GOOGL,295.6511046778972,303.1316497984607,293.0877639113642,298.8826904296875,74137700
2025-11-24 00:00:00-05:00,GOOGL,310.3229443803346,318.651290855991,308.79691436510495,317.75360107421875,85165100
2025-11-25 00:00:00-05:00,GOOGL,325.3638169665917,327.9770159307299,316.82602366827604,322.60101318359375,88632100
2025-11-26 00:00:00-05:00,GOOGL,319.8482042131112,323.658303098724,315.9683100285969,319.1201171875,51373400
2025-11-28 00:00:00-05:00,GOOGL,322.5312152935296,326.0021995827445,315.9682963529555,319.3494873046875,26018600
2025-12-01 00:00:00-05:00,GOOGL,316.8759202886677,319.02033724928003,313.07580560094704,314.0732116699219,41183000
2025-12-02 00:00:00-05:00,GOOGL,315.91839456558273,317.554155160306,313.09574872951146,314.9908142089844,35854700
2025-12-03 00:00:00-05:00,GOOGL,315.0706445626379,320.74585757492326,313.2852790244178,318.8009338378906,41838300
2025-12-04 00:00:00-05:00,GOOGL,321.39416988540876,321.52380710663783,313.8837033726762,316.7961120605469,31240900
2025-12-05 00:00:00-05:00,GOOGL,318.6612638744486,322.32175763971526,318.3421170569229,320.4366455078125,28851700
2025-12-08 00:00:00-05:00,GOOGL,319.4285975207571,319.81785493964355,310.6157547321785,313.11090087890625,33909400
2025-12-09 00:00:00-05:00,GOOGL,311.7635388280278,317.3726229056239,311.2944500995635,316.4643859863281,30194000
2025-12-10 00:00:00-05:00,GOOGL,315.2168165746965,320.6861883612462,314.069055340672,319.58831787109375,33428900
2025-12-11 00:00:00-05:00,GOOGL,319.45856710455377,320.49655652430846,308.0008744502611,311.82342529296875,42353700
2025-12-12 00:00:00-05:00,GOOGL,313.0909556884665,314.25866704717134,304.96674508462553,308.68951416015625,35940200
2025-12-15 00:00:00-05:00,GOOGL,310.7155693717638,310.81538131016634,304.288070405232,307.62158203125,29151900
2025-12-16 00:00:00-05:00,GOOGL,304.3579426322819,310.16661977978157,302.00250880457793,305.97479248046875,30585000
2025-12-17 00:00:00-05:00,GOOGL,307.4120099511304,307.4918412298865,295.54507970361715,296.1439208984375,43930400
2025-12-18 00:00:00-05:00,GOOGL,301.1342186567393,303.3698600006946,298.6490626821344,301.8727722167969,33518000
2025-12-19 00:00:00-05:00,GOOGL,301.1442091965169,306.65348128006514,300.3856749721532,306.56365966796875,59943200
2025-12-22 00:00:00-05:00,GOOGL,309.2783702904479,309.52788491338026,304.70724534166345,309.1785583496094,26429900
2025-12-23 00:00:00-05:00,GOOGL,309.02884787804055,314.328535898872,308.7194521900694,313.73968505859375,25478700
2025-12-24 00:00:00-05:00,GOOGL,314.15886656933606,314.4682622711062,311.3144241794057,313.4801940917969,10097400
2025-12-26 00:00:00-05:00,GOOGL,313.8694546536391,314.4782557314601,311.67371372407564,312.9013366699219,10899000
2025-12-29 00:00:00-05:00,GOOGL,310.76548227407176,313.41033130955566,310.0169383701615,312.95123291015625,19621800
2025-12-30 00:00:00-05:00,GOOGL,311.8932765746258,316.3346490163796,311.85334570689247,313.24066162109375,17380900
2025-12-31 00:00:00-05:00,GOOGL,312.24263128978663,313.9692531312569,310.8353650439947,312.392333984375,16377700
2026-01-02 00:00:00-05:00,GOOGL,316.28471875384633,321.87385220157,309.7274673850438,314.5381164550781,32009400
2026-01-05 00:00:00-05:00,GOOGL,317.0432662013207,318.4006111389099,314.01915017003046,315.9254455566406,30195600
2026-01-06 00:00:00-05:00,GOOGL,315.7856731700802,320.31686685595974,311.17464821348415,313.72967529296875,31212100
2026-01-07 00:00:00-05:00,GOOGL,313.74965751082357,325.51677583182123,313.58000462136766,321.3548889160156,35104400
2026-01-08 00:00:00-05:00,GOOGL,328.3313118537803,329.67869694461876,320.8758135066914,324.80816650390625,31896100
2026-01-09 00:00:00-05:00,GOOGL,326.45496079982934,330.1876899539591,325.16745676828174,327.9320983886719,26214200
2026-01-12 00:00:00-05:00,GOOGL,325.1674658209474,333.39148904567276,324.36903115835116,331.2156982421875,33923900
2026-01-13 00:00:00-05:00,GOOGL,334.2996793666924,339.82890107364614,332.97224461379506,335.31768798828125,33517600
2026-01-14 00:00:00-05:00,GOOGL,334.40947336413166,335.8666302231012,329.83837890700147,335.1879577636719,28525600
2026-01-15 00:00:00-05:00,GOOGL,336.9944821877514,337.0344130603199,330.09789356603824,332.1339416503906,28442400
2026-01-16 00:00:00-05:00,GOOGL,333.7607557246461,334.00028002450074,327.0637915356931,329.35931396484375,40341600
2026-01-20 00:00:00-05:00,GOOGL,320.2470363972373,327.0937337673917,319.80788820634325,321.3748474121094,35361000
2026-01-21 00:00:00-05:00,GOOGL,320.2969541162656,331.83450818795274,318.729994927537,327.7424621582031,35386600
2026-01-22 00:00:00-05:00,GOOGL,333.8006666576773,334.49928930997066,328.11172120927307,329.89825439453125,26253600
2026-01-23 00:00:00-05:00,GOOGL,331.8444795396569,333.0421619901957,326.814286347386,327.2933349609375,27280000
2026-01-26 00:00:00-05:00,GOOGL,327.1735452193246,335.1879535299186,326.3651202937951,332.61297607421875,26042100
2026-01-27 00:00:00-05:00,GOOGL,334.71886692218493,337.2539439848537,332.8325522369338,333.90045166015625,21636200
2026-01-28 00:00:00-05:00,GOOGL,335.40752623810386,336.8846637353836,331.2955302242731,335.3576354980469,27434400
2026-01-29 00:00:00-05:00,GOOGL,339.6393000059441,341.62545715973704,325.9060355700189,337.5932922363281,39785600
2026-01-30 00:00:00-05:00,GOOGL,339.33989756206086,339.33989756206086,331.64487488391205,337.3437805175781,31024000
2026-02-02 00:00:00-05:00,GOOGL,335.5672073695487,344.16047585276425,334.97835654941485,343.022705078125,32006100
2026-02-03 00:00:00-05:00,GOOGL,346.66563680855586,348.322417578686,336.81480425638233,339.0504455566406,36506700
2026-02-04 00:00:00-05:00,GOOGL,342.2941565134455,342.6434831024425,327.8821884154679,332.3934326171875,70618400
2026-02-05 00:00:00-05:00,GOOGL,311.6138496060838,332.0441098613053,305.8650224655501,330.6069030761719,88205800
2026-02-06 00:00:00-05:00,GOOGL,326.54477434837446,329.7385737476322,319.2988903139048,322.233154296875,56380500
2026-02-09 00:00:00-05:00,GOOGL,320.30690521957837,327.0637807183464,316.6440476026885,323.6903381347656,39640100
2026-02-10 00:00:00-05:00,GOOGL,320.3468306795893,321.0454837970353,313.9991629255859,317.9614562988281,39170000
2026-02-11 00:00:00-05:00,GOOGL,318.3507205277581,320.43665913490463,309.0587983421378,310.35626220703125,45406400
2026-02-12 00:00:00-05:00,GOOGL,311.4840826487114,315.62601945223736,306.60359228041904,308.40008544921875,47761300
2026-02-13 00:00:00-05:00,GOOGL,307.1325723003695,308.03081891465297,303.1203573871305,305.12646484375,38499700
2026-02-17 00:00:00-05:00,GOOGL,299.4574878846074,303.8489392958333,295.67483755264817,301.4336242675781,39247600
2026-02-18 00:00:00-05:00,GOOGL,301.5035060024616,304.7871271852118,300.66514046909924,302.7410888671875,28482100
2026-02-19 00:00:00-05:00,GOOGL,301.23402488534225,304.87693233204385,299.4574819671566,302.26202392578125,25834400
2026-02-20 00:00:00-05:00,GOOGL,303.72916224594877,315.885507154404,303.30996428502766,314.36846923828125,53210800
2026-02-23 00:00:00-05:00,GOOGL,318.43054299285177,318.8996316925602,309.2683735389658,310.8852233886719,31423000
2026-02-24 00:00:00-05:00,GOOGL,309.91711960911005,311.6637220131571,305.33603467292323,310.29638671875,25615600
2026-02-25 00:00:00-05:00,GOOGL,311.4541454679639,313.031095017384,308.8392369672335,312.2925109863281,29963600
2026-02-26 00:00:00-05:00,GOOGL,312.0330001798944,312.53202939170336,301.762970472535,306.783203125,36431200
2026-02-27 00:00:00-05:00,GOOGL,303.549553083736,311.7635557563691,303.21018636103327,311.1547546386719,44640600
2026-03-02 00:00:00-05:00,GOOGL,302.6412753457796,307.8910420913047,300.71499938521333,305.92486572265625,34790200
2026-03-03 00:00:00-05:00,GOOGL,298.01029817831704,303.34991750153205,296.13394323483243,302.9906005859375,35497000
2026-03-04 00:00:00-05:00,GOOGL,302.30194909897057,304.87692658824284,300.1660893213747,302.5414733886719,29536200
2026-03-05 00:00:00-05:00,GOOGL,302.4516780897468,302.7111526067185,297.41146402777275,300.2958679199219,35752300
2026-03-06 00:00:00-05:00,GOOGL,295.515124433063,299.94650641213514,294.6068875835616,297.9403991699219,25576900
2026-03-09 00:00:00-04:00,GOOGL,293.99527562141907,306.4198649966507,293.71562375842984,305.98040771484375,29312100
2026-03-10 00:00:00-04:00,GOOGL,305.79068968096857,309.1265479913924,305.1914269440574,306.65960693359375,23239700
2026-03-11 00:00:00-04:00,GOOGL,306.3699695674413,311.0341973481569,305.54101125974313,308.31756591796875,24125700
2026-03-12 00:00:00-04:00,GOOGL,306.43985713507476,308.5572255769297,300.65702241451555,303.17388916015625,24928300
2026-03-13 00:00:00-04:00,GOOGL,306.6296377698095,307.3087879643589,300.0677703977713,301.9054870605469,23693100
2026-03-16 00:00:00-04:00,GOOGL,303.97293465389924,306.11026747244654,302.64456537566065,305.1814270019531,23519700
2026-03-17 00:00:00-04:00,GOOGL,305.48103123176395,311.03417054952814,305.1214918945171,310.5347900390625,21955200
2026-03-18 00:00:00-04:00,GOOGL,308.88680583632095,312.08285325242963,306.5497087361953,307.30877685546875,20009800
2026-03-19 00:00:00-04:00,GOOGL,303.63335165234247,307.67832164750223,301.9754046785898,306.7494812011719,25075800
2026-03-20 00:00:00-04:00,GOOGL,305.0815409313132,305.62088043111504,297.9004465638477,300.6270751953125,44364100
2026-03-23 00:00:00-04:00,GOOGL,301.7357168812967,305.60094814101865,300.5571860375472,301.685791015625,29326900
2026-03-24 00:00:00-04:00,GOOGL,298.82932646685043,299.5484356615691,289.97029010977093,290.0801696777344,36864300
2026-03-25 00:00:00-04:00,GOOGL,293.07644958925243,295.6332754793409,288.8816409209488,290.5695495605469,29460700
2026-03-26 00:00:00-04:00,GOOGL,287.55329025783345,287.5932492331535,278.15494535852446,280.57196044921875,39080600
2026-03-27 00:00:00-04:00,GOOGL,276.9364822022131,279.02388928595167,273.6106210828978,274.0001220703125,35890600
2026-03-30 00:00:00-04:00,GOOGL,276.07755917965534,276.74671205405957,271.772870758184,273.1611633300781,35141200
2026-03-31 00:00:00-04:00,GOOGL,277.6955407888773,287.72308014338427,276.74670556560056,287.2037353515625,43875400
2026-04-01 00:00:00-04:00,GOOGL,290.47967248402244,300.14767254424095,290.05021252939383,297.0215759277344,37684500
2026-04-02 00:00:00-04:00,GOOGL,290.3298713924274,297.71070019384774,289.0914173614996,295.403564453125,21666500
2026-04-06 00:00:00-04:00,GOOGL,295.50342601468935,300.2475409865838,294.8142784540748,299.6183166503906,16945500
2026-04-07 00:00:00-04:00,GOOGL,302.3549447988444,305.2513457589993,297.3511421656273,305.08154296875,23205400
2026-04-08 00:00:00-04:00,GOOGL,320.0530070056894,321.68096199730417,314.6297110626625,316.9268798828125,33547100
2026-04-09 00:00:00-04:00,GOOGL,315.51860784412145,319.1441153425082,310.6746106421415,318.09539794921875,23739200
2026-04-10 00:00:00-04:00,GOOGL,319.62350892085055,321.4312640320202,315.9281112234418,316.8469543457031,19152600
2026-04-13 00:00:00-04:00,GOOGL,316.74710955552524,321.2315371363443,315.0791651091577,320.91192626953125,18866400
2026-04-14 00:00:00-04:00,GOOGL,324.38762340838895,332.8770926852431,323.3489033390031,332.49755859375,27721400
2026-04-15 00:00:00-04:00,GOOGL,332.4775916674409,337.0619013824557,330.49003638532656,336.70233154296875,24918800
2026-04-16 00:00:00-04:00,GOOGL,338.33029678032364,339.458901613874,334.105526677332,335.6036682128906,20541500
2026-04-17 00:00:00-04:00,GOOGL,337.2316773591919,341.89590508018404,335.8234205588037,341.2566833496094,25581900
2026-04-20 00:00:00-04:00,GOOGL,340.3378420577138,340.97703331198585,336.1929591105031,337.0019836425781,18784200
2026-04-21 00:00:00-04:00,GOOGL,337.2716301294484,338.9195798085849,330.9394885663705,331.8783264160156,23123800
2026-04-22 00:00:00-04:00,GOOGL,336.60245884112476,339.3990082413208,334.7547751685775,338.8996276855469,20293000
2026-04-23 00:00:00-04:00,GOOGL,340.7572947145818,341.53632713037314,335.7634893621326,338.47015380859375,18650300
2026-04-24 00:00:00-04:00,GOOGL,338.3103390739037,344.8422143498026,334.97448084779876,343.9732971191406,26426100
2026-04-27 00:00:00-04:00,GOOGL,345.55136124882,352.74242256668157,342.3053878156813,349.90594482421875,28576900
2026-04-28 00:00:00-04:00,GOOGL,348.11816206941427,351.9833930501032,345.69117996136276,349.3466491699219,27824100
2026-04-29 00:00:00-04:00,GOOGL,347.1394107424554,355.3492283904879,343.78355752060145,349.5064697265625,35376300
2026-04-30 00:00:00-04:00,GOOGL,373.6065555628184,385.3619622201579,365.3667768501622,384.3232421875,72040000
2026-05-01 00:00:00-04:00,GOOGL,381.1572209075714,386.2808704617397,378.5804000830116,385.2121887207031,30105200
2026-05-04 00:00:00-04:00,GOOGL,385.15223320621686,386.90006506467324,379.31947226185457,382.7751770019531,26298600
2026-05-05 00:00:00-04:00,GOOGL,385.7515048868787,392.33333678038815,383.5442209432822,387.9487609863281,23878600
2026-05-06 00:00:00-04:00,GOOGL,393.7615619135972,399.3546301445318,392.2734176347804,397.546875,31308500
2026-05-07 00:00:00-04:00,GOOGL,399.42454979908837,399.6043194807176,392.1934987581594,397.4969177246094,24433500
2026-05-08 00:00:00-04:00,GOOGL,396.5081562950806,401.5019617899809,395.86893456144384,400.3034362792969,21461800
2026-05-11 00:00:00-04:00,GOOGL,393.16228042470647,396.94759333072534,387.9887055115338,388.15850830078125,30753700
2026-05-12 00:00:00-04:00,GOOGL,386.8601198229993,388.0386506028281,382.2957742925754,386.8701171875,26017500
2026-05-13 00:00:00-04:00,GOOGL,385.1222825184223,403.1998643489371,384.5230197682841,402.1211853027344,28144600
2026-05-14 00:00:00-04:00,GOOGL,396.7878070287349,402.43080112559403,395.349588612008,400.5731201171875,21136700
2026-05-15 00:00:00-04:00,GOOGL,395.82900006662373,399.0450119758119,392.69287563304505,396.2884216308594,20309700
2026-05-18 00:00:00-04:00,GOOGL,395.1997907850553,408.10376741205215,394.04122422601415,396.4482421875,26837200
2026-05-19 00:00:00-04:00,GOOGL,396.4681837278221,396.65795076850566,385.63162007935824,387.1797180175781,39545700
2026-05-20 00:00:00-04:00,GOOGL,387.2196997137571,393.37204141137994,382.42562803382646,388.4281921386719,31744400
2026-05-21 00:00:00-04:00,GOOGL,385.22215486500835,392.01371791338363,382.5454520468608,387.1797180175781,24852800
2026-05-22 00:00:00-04:00,GOOGL,386.87012298265273,388.258385079403,381.29701890681014,382.49554443359375,20442100
2026-05-26 00:00:00-04:00,GOOGL,384.0336125447445,388.7777274266938,382.12597532411496,388.398193359375,27747400
2026-05-27 00:00:00-04:00,GOOGL,386.1909390913781,393.39199754996946,385.421873594791,388.3482360839844,23087300
2026-05-28 00:00:00-04:00,GOOGL,387.5193014898567,391.38450201712897,384.68282366229704,389.64666748046875,24357500
2026-05-29 00:00:00-04:00,GOOGL,384.7626974671623,384.7626974671623,377.9910987617443,379.8687744140625,44415800
2026-06-01 00:00:00-04:00,GOOGL,376.05352511273605,378.09100632744554,373.05724175924524,375.9037170410156,28672100
2026-06-02 00:00:00-04:00,GOOGL,366.13582064636165,373.07722234401785,357.99592394061045,361.4017028808594,50412300
2026-06-03 00:00:00-04:00,GOOGL,361.5814692403301,365.9960065843375,357.6363508187865,358.54522705078125,55441600
2026-06-04 00:00:00-04:00,GOOGL,358.4553682250688,372.7875967270043,357.76622059782807,371.7289123535156,44055500
2026-06-05 00:00:00-04:00,GOOGL,365.88613605551615,371.6190149899659,363.6688852043904,368.07342529296875,37471200
2026-06-08 00:00:00-04:00,GOOGL,364.9454235864071,365.9647879200631,360.2984165590168,363.0766296386719,27942500
2026-06-09 00:00:00-04:00,GOOGL,366.85420025674074,371.84098522768176,357.0704802123837,364.0260314941406,29535100
2026-06-10 00:00:00-04:00,GOOGL,362.95671584537644,368.3232616719084,354.97185779418805,356.1510925292969,32357100
2026-06-11 00:00:00-04:00,GOOGL,355.70134679025995,358.5694982511428,346.13748714351743,357.5401611328125,35538200
2026-06-12 00:00:00-04:00,GOOGL,362.3870579560934,366.33453278338226,354.7119986974298,359.4489440917969,24704600
2026-06-15 00:00:00-04:00,GOOGL,367.69366113705985,372.7504085202595,366.3145426692825,369.1127624511719,27727500
2026-06-16 00:00:00-04:00,GOOGL,369.3626044753487,375.7584875251172,366.8242274297617,373.01025390625,24876100
2026-06-17 00:00:00-04:00,GOOGL,368.8929017493238,372.0908279957741,361.78745285393074,363.55633544921875,24543600
2026-06-18 00:00:00-04:00,GOOGL,365.51504497617543,369.2426598317581,358.4396065335441,367.7935791015625,44470100
2026-06-22 00:00:00-04:00,GOOGL,357.72009076397745,358.68946892539066,341.50050477393233,349.45538330078125,52814800
2026-06-23 00:00:00-04:00,GOOGL,340.47114598010614,349.0656275102868,339.98147051143604,345.90765380859375,34007700
2026-06-24 00:00:00-04:00,GOOGL,348.8157979233392,353.25294826847323,341.7103492701006,345.0682067871094,44997300
2026-06-25 00:00:00-04:00,GOOGL,336.51370015420923,345.34801779729577,335.6242572392167,343.48919677734375,44491400
2026-06-26 00:00:00-04:00,GOOGL,342.32993723999033,346.1374872957393,329.98789515004995,337.17327880859375,114706300
2026-06-29 00:00:00-04:00,GOOGL,341.6104064955248,354.122383587675,340.4511784786947,353.4228210449219,34213900
2026-06-30 00:00:00-04:00,GOOGL,353.64269008629407,358.3896389689017,350.1749177879227,357.14044189453125,35237200
2026-07-01 00:00:00-04:00,GOOGL,358.1397942573561,362.7368455226467,356.20103798676814,360.97796630859375,26736400
2026-07-02 00:00:00-04:00,GOOGL,359.2490860357571,363.97602803095486,353.19298133516355,359.6788024902344,25974800
2026-07-06 00:00:00-04:00,GOOGL,361.31772936423556,367.693635754559,357.15042523629825,366.2245788574219,26915800
2026-07-07 00:00:00-04:00,GOOGL,368.8329180211536,372.9202869594668,365.26520405735874,366.7942199707031,24045600
2026-07-08 00:00:00-04:00,GOOGL,364.525702555654,367.6037106679975,357.79001132287857,361.6875305175781,22094800
2026-07-09 00:00:00-04:00,GOOGL,354.08240970637695,359.41897594546776,350.8544734886641,358.65948486328125,24729100
2026-07-10 00:00:00-04:00,GOOGL,357.30034280387986,357.5901650645865,352.52341441108456,356.9505615234375,18146100
2026-07-13 00:00:00-04:00,GOOGL,355.96119810970276,357.8999543595846,351.52404777471276,352.2835693359375,15901700
2026-07-14 00:00:00-04:00,GOOGL,350.97442351070157,359.92865963343,350.86447830880365,359.2790832519531,18259400
2026-07-15 00:00:00-04:00,GOOGL,357.74006858863044,373.40998963278184,357.5302120160503,370.6817626953125,28284600
2026-07-16 00:00:00-04:00,GOOGL,372.8203579699616,375.02892981037553,352.07368364698067,354.2322998046875,41158500
2026-07-17 00:00:00-04:00,GOOGL,345.77774679993126,348.2961170979314,341.1407126662452,346.5472412109375,29959300
2026-07-20 00:00:00-04:00,GOOGL,350.6546131580819,359.4489481797366,350.2948285491913,351.7638854980469,24736600
2026-07-21 00:00:00-04:00,GOOGL,351.09433677099497,351.09433677099497,346.77710440528256,346.927001953125,23369800
2026-07-22 00:00:00-04:00,GOOGL,347.93634723653764,349.7152025525983,341.51048515922605,341.8702392578125,39334100
2026-07-23 00:00:00-04:00,GOOGL,320.92372412122546,324.2815511558238,314.69771503877246,317.4859313964844,69419700
2026-07-24 00:00:00-04:00,GOOGL,318.2154780071113,323.97175736278774,317.11617848672984,319.53460693359375,31806600
2026-07-27 00:00:00-04:00,GOOGL,324.83120713377,330.2077559724587,324.2415898017393,326.3502197265625,28471600
2026-07-28 00:00:00-04:00,GOOGL,327.68937042492354,335.66425552638333,324.2316014627561,333.4956359863281,29511900
2026-07-29 00:00:00-04:00,GOOGL,334.455045685483,342.2800028423013,331.40698648547414,336.49371337890625,27501600
2026-07-30 00:00:00-04:00,GOOGL,333.98534038388266,336.29385412629074,330.12780397797883,333.4456787109375,30168000
2026-07-31 00:00:00-04:00,GOOGL,340.611054758666,358.3496530632621,339.78160132747564,355.9012451171875,46498000
2026-08-03 00:00:00-04:00,GOOGL,365.2152604560987,376.4480305309448,363.1166033198653,373.27008056640625,38669700
2026-08-04 00:00:00-04:00,GOOGL,367.9834743668337,380.2755612380555,367.263935640354,377.40740966796875,35705700
2026-08-05 00:00:00-04:00,GOOGL,383.0937455186354,384.2330278418686,356.54080629618977,362.1971740722656,46926300
2026-08-06 00:00:00-04:00,GOOGL,360.5382517887205,363.8961093831237,356.65076635274994,357.52020263671875,25235900
2026-08-07 00:00:00-04:00,GOOGL,356.49084652154687,358.6694387836589,353.5527327193329,354.0723876953125,19859900
2026-08-10 00:00:00-04:00,GOOGL,354.951850943437,357.38028276908574,352.4834362714388,357.29034423828125,18991400
2026-08-11 00:00:00-04:00,GOOGL,355.6613923515014,356.5807842683805,343.1694223006263,343.5791320800781,29081800
2026-08-12 00:00:00-04:00,GOOGL,346.0875456512855,346.25744987105145,340.66104092628797,343.3193359375,25012000
2026-08-13 00:00:00-04:00,GOOGL,345.5478948342235,347.7065110877775,343.5392066313974,346.13751220703125,17866100
2026-08-14 00:00:00-04:00,GOOGL,346.5772111705174,350.22489088982945,344.27870083870846,345.67779541015625,17808600
2026-08-17 00:00:00-04:00,GOOGL,346.04755304110785,347.0269344906474,341.7103446182459,343.7790222167969,18291300
2026-08-18 00:00:00-04:00,GOOGL,342.19005363605754,344.6484648943574,339.97147845233087,343.9789123535156,19248800
2026-08-19 00:00:00-04:00,GOOGL,342.2400076559886,346.5072842825429,340.44117610948047,344.4985656738281,19733800
2026-08-20 00:00:00-04:00,GOOGL,342.83962071417653,343.6790774504127,338.3525147854226,340.451171875,18570400
2026-08-21 00:00:00-04:00,GOOGL,342.359928876986,345.97762917305914,340.1813365286692,344.5985107421875,20849800
2026-08-24 00:00:00-04:00,GOOGL,343.39927531721605,351.3741604480826,342.2699962782288,347.83642578125,26338200
2026-08-25 00:00:00-04:00,GOOGL,349.41542326154587,349.9350782600912,345.37800981753963,346.73712158203125,20649700
2026-08-26 00:00:00-04:00,GOOGL,346.3973312516375,346.65717399060424,339.96146577825954,341.7803039550781,20420300
2026-08-27 00:00:00-04:00,GOOGL,339.45183186724313,341.4705233735174,338.3025461528343,340.4311828613281,23391400
2026-08-28 00:00:00-04:00,GOOGL,340.49114263603377,348.91575095848634,340.0514228221321,346.36737060546875,25347200
2026-08-31 00:00:00-04:00,GOOGL,343.60912172254496,344.3686432833908,336.94342338566804,339.13201904296875,33493600
2026-09-01 00:00:00-04:00,GOOGL,335.7841605001305,336.9834018439635,332.8360433203593,334.8047790527344,23342700
2026-09-02 00:00:00-04:00,GOOGL,333.84541044728496,339.78159726283246,332.6062167342666,336.9034423828125,22582300
2026-09-03 00:00:00-04:00,GOOGL,340.34122971001256,344.4585782378343,339.841550898423,342.260009765625,20726900
2026-09-04 00:00:00-04:00,GOOGL,342.4700012207031,343.5299987792969,337.0899963378906,338.4599914550781,23189300
2026-09-08 00:00:00-04:00,GOOGL,335.4200134277344,339.67999267578125,333.2200012207031,338.3599853515625,22915800
2026-09-09 00:00:00-04:00,GOOGL,331.6499938964844,331.8500061035156,327.8999938964844,330.6499938964844,33081300
2024-09-10 00:00:00-04:00,AMZN,177.49000549316406,180.5,176.7899932861328,179.5500030517578,36233800
2024-09-11 00:00:00-04:00,AMZN,180.10000610351562,184.99000549316406,175.72999572753906,184.52000427246094,42564700
2024-09-12 00:00:00-04:00,AMZN,184.8000030517578,187.41000366210938,183.5399932861328,187.0,33544200
2024-09-13 00:00:00-04:00,AMZN,187.0,188.5,185.91000366210938,186.49000549316406,26495400
2024-09-16 00:00:00-04:00,AMZN,185.2899932861328,185.80999755859375,183.36000061035156,184.88999938964844,26065500
2024-09-17 00:00:00-04:00,AMZN,186.85000610351562,189.4499969482422,186.13999938964844,186.8800048828125,26091700
2024-09-18 00:00:00-04:00,AMZN,186.4499969482422,188.8000030517578,185.05999755859375,186.42999267578125,34448100
2024-09-19 00:00:00-04:00,AMZN,190.0399932861328,190.99000549316406,188.47000122070312,189.8699951171875,39543200
2024-09-20 00:00:00-04:00,AMZN,190.22999572753906,191.83999633789062,187.41000366210938,191.60000610351562,100378600
2024-09-23 00:00:00-04:00,AMZN,191.63999938964844,194.4499969482422,190.57000732421875,193.8800048828125,36993100
2024-09-24 00:00:00-04:00,AMZN,194.27000427246094,195.3699951171875,190.1300048828125,193.9600067138672,43478900
2024-09-25 00:00:00-04:00,AMZN,193.75,193.9499969482422,192.16000366210938,192.52999877929688,26391100
2024-09-26 00:00:00-04:00,AMZN,194.30999755859375,194.52999877929688,189.5399932861328,191.16000366210938,36334900
2024-09-27 00:00:00-04:00,AMZN,190.67999267578125,190.89999389648438,187.33999633789062,187.97000122070312,36002300
2024-09-30 00:00:00-04:00,AMZN,187.13999938964844,188.49000549316406,184.64999389648438,186.3300018310547,41583900
2024-10-01 00:00:00-04:00,AMZN,184.89999389648438,186.19000244140625,183.4499969482422,185.1300048828125,36044900
2024-10-02 00:00:00-04:00,AMZN,184.44000244140625,186.60000610351562,184.0399932861328,184.75999450683594,23704100
2024-10-03 00:00:00-04:00,AMZN,183.0500030517578,183.44000244140625,180.8800048828125,181.9600067138672,30204300
2024-10-04 00:00:00-04:00,AMZN,185.75,187.60000610351562,183.60000610351562,186.50999450683594,40890300
2024-10-07 00:00:00-04:00,AMZN,182.9499969482422,183.60000610351562,180.25,180.8000030517578,42364200
2024-10-08 00:00:00-04:00,AMZN,181.9199981689453,183.08999633789062,180.9199981689453,182.72000122070312,26372100
2024-10-09 00:00:00-04:00,AMZN,182.82000732421875,185.85000610351562,182.0500030517578,185.1699981689453,26343100
2024-10-10 00:00:00-04:00,AMZN,187.1300048828125,188.1300048828125,185.8300018310547,186.64999389648438,27785000
2024-10-11 00:00:00-04:00,AMZN,186.6300048828125,189.92999267578125,186.3000030517578,188.82000732421875,25751600
2024-10-14 00:00:00-04:00,AMZN,189.77999877929688,189.8300018310547,187.36000061035156,187.5399932861328,22614400
2024-10-15 00:00:00-04:00,AMZN,187.6300048828125,188.41000366210938,184.5800018310547,187.69000244140625,32178900
2024-10-16 00:00:00-04:00,AMZN,187.0500030517578,187.77999877929688,185.61000061035156,186.88999938964844,23456800
2024-10-17 00:00:00-04:00,AMZN,188.22000122070312,188.94000244140625,186.0,187.52999877929688,25039400
2024-10-18 00:00:00-04:00,AMZN,187.14999389648438,190.74000549316406,186.27999877929688,188.99000549316406,37417700
2024-10-21 00:00:00-04:00,AMZN,188.0500030517578,189.4600067138672,186.39999389648438,189.07000732421875,24639400
2024-10-22 00:00:00-04:00,AMZN,188.35000610351562,191.52000427246094,186.97999572753906,189.6999969482422,29650600
2024-10-23 00:00:00-04:00,AMZN,188.85000610351562,189.16000366210938,183.69000244140625,184.7100067138672,31937100
2024-10-24 00:00:00-04:00,AMZN,185.25,187.11000061035156,183.86000061035156,186.3800048828125,21647400
2024-10-25 00:00:00-04:00,AMZN,187.85000610351562,190.4499969482422,187.52999877929688,187.8300018310547,29362100
2024-10-28 00:00:00-04:00,AMZN,189.57000732421875,190.2100067138672,188.2100067138672,188.38999938964844,27930800
2024-10-29 00:00:00-04:00,AMZN,188.5800018310547,191.4600067138672,187.82000732421875,190.8300018310547,35690200
2024-10-30 00:00:00-04:00,AMZN,194.6999969482422,195.61000061035156,192.4199981689453,192.72999572753906,37707600
2024-10-31 00:00:00-04:00,AMZN,190.50999450683594,190.60000610351562,185.22999572753906,186.39999389648438,75146800
2024-11-01 00:00:00-04:00,AMZN,199.0,200.5,197.02000427246094,197.92999267578125,99687800
2024-11-04 00:00:00-05:00,AMZN,196.4499969482422,197.3300018310547,194.30999755859375,195.77999877929688,38492100
2024-11-05 00:00:00-05:00,AMZN,196.0399932861328,199.82000732421875,195.99000549316406,199.5,30564800
2024-11-06 00:00:00-05:00,AMZN,200.00999450683594,207.5500030517578,199.13999938964844,207.08999633789062,72292200
2024-11-07 00:00:00-05:00,AMZN,207.44000244140625,212.25,207.19000244140625,210.0500030517578,52878400
2024-11-08 00:00:00-05:00,AMZN,209.72000122070312,209.9600067138672,207.44000244140625,208.17999267578125,36075800
2024-11-11 00:00:00-05:00,AMZN,208.5,209.64999389648438,205.58999633789062,206.83999633789062,35456000
2024-11-12 00:00:00-05:00,AMZN,208.3699951171875,209.5399932861328,206.00999450683594,208.91000366210938,38942900
2024-11-13 00:00:00-05:00,AMZN,209.39999389648438,215.08999633789062,209.13999938964844,214.10000610351562,46212900
2024-11-14 00:00:00-05:00,AMZN,214.16000366210938,215.89999389648438,210.8800048828125,211.47999572753906,42620300
2024-11-15 00:00:00-05:00,AMZN,206.75999450683594,207.33999633789062,199.61000061035156,202.61000061035156,86591100
2024-11-18 00:00:00-05:00,AMZN,204.14999389648438,204.6699981689453,200.9499969482422,201.6999969482422,36409900
2024-11-19 00:00:00-05:00,AMZN,199.3300018310547,205.3000030517578,198.77999877929688,204.61000061035156,31197900
2024-11-20 00:00:00-05:00,AMZN,202.97999572753906,203.1300048828125,199.4499969482422,202.8800048828125,32769000
2024-11-21 00:00:00-05:00,AMZN,203.49000549316406,203.49000549316406,195.75,198.3800048828125,58800000
2024-11-22 00:00:00-05:00,AMZN,198.25,199.25999450683594,196.75,197.1199951171875,31530800
2024-11-25 00:00:00-05:00,AMZN,199.27999877929688,201.9499969482422,199.0,201.4499969482422,40685700
2024-11-26 00:00:00-05:00,AMZN,201.89999389648438,208.0,201.7899932861328,207.86000061035156,41673700
2024-11-27 00:00:00-05:00,AMZN,206.97999572753906,207.63999938964844,205.0500030517578,205.74000549316406,28061600
2024-11-29 00:00:00-05:00,AMZN,205.8300018310547,208.1999969482422,204.58999633789062,207.88999938964844,24892400
2024-12-02 00:00:00-05:00,AMZN,209.9600067138672,212.99000549316406,209.50999450683594,210.7100067138672,39523200
2024-12-03 00:00:00-05:00,AMZN,210.30999755859375,214.02000427246094,209.64999389648438,213.44000244140625,32214800
2024-12-04 00:00:00-05:00,AMZN,215.9600067138672,220.0,215.75,218.16000366210938,48745700
2024-12-05 00:00:00-05:00,AMZN,218.02999877929688,222.14999389648438,217.3000030517578,220.5500030517578,41140200
2024-12-06 00:00:00-05:00,AMZN,220.75,227.14999389648438,220.60000610351562,227.02999877929688,44178100
2024-12-09 00:00:00-05:00,AMZN,227.2100067138672,230.0800018310547,225.6699981689453,226.08999633789062,46819400
2024-12-10 00:00:00-05:00,AMZN,226.08999633789062,229.05999755859375,224.1999969482422,225.0399932861328,31199900
2024-12-11 00:00:00-05:00,AMZN,226.41000366210938,231.1999969482422,226.25999450683594,230.25999450683594,35385800
2024-12-12 00:00:00-05:00,AMZN,229.8300018310547,231.08999633789062,227.6300048828125,228.97000122070312,28204100
2024-12-13 00:00:00-05:00,AMZN,228.39999389648438,230.1999969482422,225.86000061035156,227.4600067138672,28768100
2024-12-16 00:00:00-05:00,AMZN,230.22999572753906,233.0,228.00999450683594,232.92999267578125,37552100
2024-12-17 00:00:00-05:00,AMZN,232.38999938964844,232.72999572753906,227.85000610351562,231.14999389648438,35948100
2024-12-18 00:00:00-05:00,AMZN,230.77000427246094,231.39999389648438,220.11000061035156,220.52000427246094,43281400
2024-12-19 00:00:00-05:00,AMZN,224.91000366210938,226.08999633789062,222.9199981689453,223.2899932861328,39918700
2024-12-20 00:00:00-05:00,AMZN,219.83999633789062,226.2100067138672,218.72999572753906,224.9199981689453,88279200
2024-12-23 00:00:00-05:00,AMZN,225.00999450683594,226.8800048828125,223.89999389648438,225.05999755859375,28070000
2024-12-24 00:00:00-05:00,AMZN,226.94000244140625,229.13999938964844,226.1300048828125,229.0500030517578,15007500
2024-12-26 00:00:00-05:00,AMZN,228.5,228.5,226.6699981689453,227.0500030517578,16146700
2024-12-27 00:00:00-05:00,AMZN,225.60000610351562,226.02999877929688,220.89999389648438,223.75,27367100
2024-12-30 00:00:00-05:00,AMZN,220.05999755859375,223.0,218.42999267578125,221.3000030517578,28321200
2024-12-31 00:00:00-05:00,AMZN,222.97000122070312,223.22999572753906,218.94000244140625,219.38999938964844,24819700
2025-01-02 00:00:00-05:00,AMZN,222.02999877929688,225.14999389648438,218.19000244140625,220.22000122070312,33956600
2025-01-03 00:00:00-05:00,AMZN,222.50999450683594,225.36000061035156,221.6199951171875,224.19000244140625,27515600
2025-01-06 00:00:00-05:00,AMZN,226.77999877929688,228.83999633789062,224.83999633789062,227.61000061035156,31849800
2025-01-07 00:00:00-05:00,AMZN,227.89999389648438,228.3800048828125,221.4600067138672,222.11000061035156,28084200
2025-01-08 00:00:00-05:00,AMZN,223.19000244140625,223.52000427246094,220.1999969482422,222.1300048828125,25033300
2025-01-10 00:00:00-05:00,AMZN,221.4600067138672,221.7100067138672,216.5,218.94000244140625,36811500
2025-01-13 00:00:00-05:00,AMZN,218.05999755859375,219.39999389648438,216.47000122070312,218.4600067138672,27262700
2025-01-14 00:00:00-05:00,AMZN,220.44000244140625,221.82000732421875,216.1999969482422,217.75999450683594,24711700
2025-01-15 00:00:00-05:00,AMZN,222.8300018310547,223.57000732421875,220.75,223.35000610351562,31291300
2025-01-16 00:00:00-05:00,AMZN,224.4199981689453,224.64999389648438,220.30999755859375,220.66000366210938,24757300
2025-01-17 00:00:00-05:00,AMZN,225.83999633789062,226.50999450683594,223.0800018310547,225.94000244140625,42370100
2025-01-21 00:00:00-05:00,AMZN,228.89999389648438,231.77999877929688,226.94000244140625,230.7100067138672,39951500
2025-01-22 00:00:00-05:00,AMZN,232.02000427246094,235.44000244140625,231.19000244140625,235.00999450683594,41448200
2025-01-23 00:00:00-05:00,AMZN,234.10000610351562,235.52000427246094,231.50999450683594,235.4199981689453,26404400
2025-01-24 00:00:00-05:00,AMZN,234.5,236.39999389648438,232.92999267578125,234.85000610351562,25890700
2025-01-27 00:00:00-05:00,AMZN,226.2100067138672,235.61000061035156,225.86000061035156,235.4199981689453,49428300
2025-01-28 00:00:00-05:00,AMZN,234.2899932861328,241.77000427246094,233.97999572753906,238.14999389648438,41587200
2025-01-29 00:00:00-05:00,AMZN,239.02000427246094,240.38999938964844,236.14999389648438,237.07000732421875,26091700
2025-01-30 00:00:00-05:00,AMZN,237.13999938964844,237.9499969482422,232.22000122070312,234.63999938964844,32020700
2025-01-31 00:00:00-05:00,AMZN,236.5,240.2899932861328,236.41000366210938,237.67999267578125,36110200
2025-02-03 00:00:00-05:00,AMZN,234.05999755859375,239.25,232.89999389648438,237.4199981689453,37285900
2025-02-04 00:00:00-05:00,AMZN,239.00999450683594,242.52000427246094,238.02999877929688,242.05999755859375,29713800
2025-02-05 00:00:00-05:00,AMZN,237.02000427246094,238.32000732421875,235.1999969482422,236.1699981689453,38727300
2025-02-06 00:00:00-05:00,AMZN,238.00999450683594,239.66000366210938,236.00999450683594,238.8300018310547,60897100
2025-02-07 00:00:00-05:00,AMZN,232.5,234.80999755859375,228.05999755859375,229.14999389648438,77539300
2025-02-10 00:00:00-05:00,AMZN,230.5500030517578,233.9199981689453,229.1999969482422,233.13999938964844,35419900
2025-02-11 00:00:00-05:00,AMZN,231.9199981689453,233.44000244140625,230.1300048828125,232.75999450683594,23713700
2025-02-12 00:00:00-05:00,AMZN,230.4600067138672,231.17999267578125,228.16000366210938,228.92999267578125,32285200
2025-02-13 00:00:00-05:00,AMZN,228.85000610351562,230.4199981689453,227.52000427246094,230.3699951171875,31346500
2025-02-14 00:00:00-05:00,AMZN,229.1999969482422,229.88999938964844,227.22999572753906,228.67999267578125,27031100
2025-02-18 00:00:00-05:00,AMZN,228.82000732421875,229.3000030517578,223.72000122070312,226.64999389648438,42975100
2025-02-19 00:00:00-05:00,AMZN,225.52000427246094,226.8300018310547,223.7100067138672,226.6300048828125,28566700
2025-02-20 00:00:00-05:00,AMZN,224.77999877929688,225.1300048828125,221.80999755859375,222.8800048828125,30001700
2025-02-21 00:00:00-05:00,AMZN,223.27999877929688,223.30999755859375,214.74000549316406,216.5800018310547,55323900
2025-02-24 00:00:00-05:00,AMZN,217.4499969482422,217.72000122070312,212.4199981689453,212.7100067138672,42387600
2025-02-25 00:00:00-05:00,AMZN,211.6300048828125,213.33999633789062,204.16000366210938,212.8000030517578,58958000
2025-02-26 00:00:00-05:00,AMZN,214.94000244140625,218.16000366210938,213.08999633789062,214.35000610351562,39120600
2025-02-27 00:00:00-05:00,AMZN,218.35000610351562,219.97000122070312,208.3699951171875,208.74000549316406,40548600
2025-02-28 00:00:00-05:00,AMZN,208.64999389648438,212.6199951171875,206.99000549316406,212.27999877929688,51771700
2025-03-03 00:00:00-05:00,AMZN,213.35000610351562,214.00999450683594,202.5500030517578,205.02000427246094,42948400
2025-03-04 00:00:00-05:00,AMZN,200.11000061035156,206.8000030517578,197.42999267578125,203.8000030517578,60853100
2025-03-05 00:00:00-05:00,AMZN,204.8000030517578,209.97999572753906,203.25999450683594,208.36000061035156,38610100
2025-03-06 00:00:00-05:00,AMZN,204.39999389648438,205.77000427246094,198.3000030517578,200.6999969482422,49863800
2025-03-07 00:00:00-05:00,AMZN,199.49000549316406,202.27000427246094,192.52999877929688,199.25,59802800
2025-03-10 00:00:00-04:00,AMZN,195.60000610351562,196.72999572753906,190.85000610351562,194.5399932861328,62350900
2025-03-11 00:00:00-04:00,AMZN,193.89999389648438,200.17999267578125,193.39999389648438,196.58999633789062,54002900
2025-03-12 00:00:00-04:00,AMZN,200.72000122070312,201.52000427246094,195.2899932861328,198.88999938964844,43679300
2025-03-13 00:00:00-04:00,AMZN,198.1699981689453,198.8800048828125,191.82000732421875,193.88999938964844,41270800
2025-03-14 00:00:00-04:00,AMZN,197.41000366210938,198.64999389648438,195.32000732421875,197.9499969482422,38096700
2025-03-17 00:00:00-04:00,AMZN,198.77000427246094,199.0,194.32000732421875,195.74000549316406,47341800
2025-03-18 00:00:00-04:00,AMZN,192.52000427246094,194.0,189.3800048828125,192.82000732421875,40414900
2025-03-19 00:00:00-04:00,AMZN,193.3800048828125,195.97000122070312,191.9600067138672,195.5399932861328,39442900
2025-03-20 00:00:00-04:00,AMZN,193.07000732421875,199.32000732421875,192.3000030517578,194.9499969482422,38921100
2025-03-21 00:00:00-04:00,AMZN,192.89999389648438,196.99000549316406,192.52000427246094,196.2100067138672,60056900
2025-03-24 00:00:00-04:00,AMZN,200.0,203.63999938964844,199.9499969482422,203.25999450683594,41625400
2025-03-25 00:00:00-04:00,AMZN,203.60000610351562,206.2100067138672,203.22000122070312,205.7100067138672,31171200
2025-03-26 00:00:00-04:00,AMZN,205.83999633789062,206.00999450683594,199.92999267578125,201.1300048828125,32855300
2025-03-27 00:00:00-04:00,AMZN,200.88999938964844,203.7899932861328,199.27999877929688,201.36000061035156,27317700
2025-03-28 00:00:00-04:00,AMZN,198.4199981689453,199.25999450683594,191.8800048828125,192.72000122070312,52548200
2025-03-31 00:00:00-04:00,AMZN,188.19000244140625,191.3300018310547,184.39999389648438,190.25999450683594,63547600
2025-04-01 00:00:00-04:00,AMZN,187.86000061035156,193.92999267578125,187.1999969482422,192.1699981689453,41267300
2025-04-02 00:00:00-04:00,AMZN,187.66000366210938,198.33999633789062,187.66000366210938,196.00999450683594,53679200
2025-04-03 00:00:00-04:00,AMZN,183.0,184.1300048828125,176.9199981689453,178.41000366210938,95553600
2025-04-04 00:00:00-04:00,AMZN,167.14999389648438,178.13999938964844,166.0,171.0,123159400
2025-04-07 00:00:00-04:00,AMZN,162.0,183.41000366210938,161.3800048828125,175.25999450683594,109327100
2025-04-08 00:00:00-04:00,AMZN,185.22999572753906,185.89999389648438,168.57000732421875,170.66000366210938,87710400
2025-04-09 00:00:00-04:00,AMZN,172.1199951171875,192.64999389648438,169.92999267578125,191.10000610351562,116804300
2025-04-10 00:00:00-04:00,AMZN,185.44000244140625,186.8699951171875,175.85000610351562,181.22000122070312,68302000
2025-04-11 00:00:00-04:00,AMZN,179.92999267578125,185.86000061035156,178.0,184.8699951171875,50594300
2025-04-14 00:00:00-04:00,AMZN,186.83999633789062,187.44000244140625,179.22999572753906,182.1199951171875,48002500
2025-04-15 00:00:00-04:00,AMZN,181.41000366210938,182.35000610351562,177.92999267578125,179.58999633789062,43642000
2025-04-16 00:00:00-04:00,AMZN,176.2899932861328,179.10000610351562,171.41000366210938,174.3300018310547,51875300
2025-04-17 00:00:00-04:00,AMZN,176.0,176.2100067138672,172.0,172.61000061035156,44726500
2025-04-21 00:00:00-04:00,AMZN,169.60000610351562,169.60000610351562,165.2899932861328,167.32000732421875,48126100
2025-04-22 00:00:00-04:00,AMZN,169.85000610351562,176.77999877929688,169.35000610351562,173.17999267578125,56607200
2025-04-23 00:00:00-04:00,AMZN,183.4499969482422,187.3800048828125,180.19000244140625,180.60000610351562,63470100
2025-04-24 00:00:00-04:00,AMZN,180.9199981689453,186.74000549316406,180.17999267578125,186.5399932861328,43763200
2025-04-25 00:00:00-04:00,AMZN,187.6199951171875,189.94000244140625,185.49000549316406,188.99000549316406,36414300
2025-04-28 00:00:00-04:00,AMZN,190.11000061035156,190.22000122070312,184.88999938964844,187.6999969482422,33224700
2025-04-29 00:00:00-04:00,AMZN,183.99000549316406,188.02000427246094,183.67999267578125,187.38999938964844,41667300
2025-04-30 00:00:00-04:00,AMZN,182.1699981689453,185.0500030517578,178.85000610351562,184.4199981689453,55176500
2025-05-01 00:00:00-04:00,AMZN,190.6300048828125,191.80999755859375,187.5,190.1999969482422,74266000
2025-05-02 00:00:00-04:00,AMZN,191.44000244140625,192.8800048828125,186.39999389648438,189.97999572753906,77903500
2025-05-05 00:00:00-04:00,AMZN,186.50999450683594,188.17999267578125,185.52999877929688,186.35000610351562,35217500
2025-05-06 00:00:00-04:00,AMZN,184.57000732421875,187.92999267578125,183.85000610351562,185.00999450683594,29314100
2025-05-07 00:00:00-04:00,AMZN,185.55999755859375,190.99000549316406,185.00999450683594,188.7100067138672,43948600
2025-05-08 00:00:00-04:00,AMZN,191.42999267578125,194.3300018310547,188.82000732421875,192.0800018310547,41043600
2025-05-09 00:00:00-04:00,AMZN,193.3800048828125,194.69000244140625,191.16000366210938,193.05999755859375,29663100
2025-05-12 00:00:00-04:00,AMZN,210.7100067138672,211.66000366210938,205.75,208.63999938964844,75205000
2025-05-13 00:00:00-04:00,AMZN,211.0800018310547,214.83999633789062,210.10000610351562,211.3699951171875,56193700
2025-05-14 00:00:00-04:00,AMZN,211.4499969482422,211.92999267578125,208.85000610351562,210.25,38492100
2025-05-15 00:00:00-04:00,AMZN,206.4499969482422,206.8800048828125,202.6699981689453,205.1699981689453,64347300
2025-05-16 00:00:00-04:00,AMZN,206.85000610351562,206.85000610351562,204.3699951171875,205.58999633789062,43318500
2025-05-19 00:00:00-04:00,AMZN,201.64999389648438,206.6199951171875,201.25999450683594,206.16000366210938,34314800
2025-05-20 00:00:00-04:00,AMZN,204.6300048828125,205.58999633789062,202.64999389648438,204.07000732421875,29470400
2025-05-21 00:00:00-04:00,AMZN,201.61000061035156,203.4600067138672,200.05999755859375,201.1199951171875,42460900
2025-05-22 00:00:00-04:00,AMZN,201.3800048828125,205.75999450683594,200.16000366210938,203.10000610351562,38938900
2025-05-23 00:00:00-04:00,AMZN,198.89999389648438,202.3699951171875,197.85000610351562,200.99000549316406,33393500
2025-05-27 00:00:00-04:00,AMZN,203.08999633789062,206.69000244140625,202.19000244140625,206.02000427246094,34892000
2025-05-28 00:00:00-04:00,AMZN,205.9199981689453,207.66000366210938,204.41000366210938,204.72000122070312,28549800
2025-05-29 00:00:00-04:00,AMZN,208.02999877929688,208.80999755859375,204.22999572753906,205.6999969482422,34650000
2025-05-30 00:00:00-04:00,AMZN,204.83999633789062,205.99000549316406,201.6999969482422,205.00999450683594,51679400
2025-06-02 00:00:00-04:00,AMZN,204.97999572753906,207.0,202.67999267578125,206.64999389648438,29113300
2025-06-03 00:00:00-04:00,AMZN,207.11000061035156,208.9499969482422,205.02999877929688,205.7100067138672,33139100
2025-06-04 00:00:00-04:00,AMZN,206.5500030517578,208.17999267578125,205.17999267578125,207.22999572753906,29915600
2025-06-05 00:00:00-04:00,AMZN,209.5500030517578,212.80999755859375,207.55999755859375,207.91000366210938,51864200
2025-06-06 00:00:00-04:00,AMZN,212.39999389648438,213.8699951171875,210.5,213.57000732421875,39832500
2025-06-09 00:00:00-04:00,AMZN,214.75,217.85000610351562,212.8800048828125,216.97999572753906,38102500
2025-06-10 00:00:00-04:00,AMZN,216.77999877929688,217.69000244140625,214.14999389648438,217.61000061035156,31303300
2025-06-11 00:00:00-04:00,AMZN,217.41000366210938,218.39999389648438,212.88999938964844,213.1999969482422,39326000
2025-06-12 00:00:00-04:00,AMZN,211.77999877929688,213.5800018310547,211.3300018310547,213.24000549316406,27640000
2025-06-13 00:00:00-04:00,AMZN,209.9600067138672,214.0500030517578,209.6199951171875,212.10000610351562,29337800
2025-06-16 00:00:00-04:00,AMZN,212.30999755859375,217.05999755859375,211.60000610351562,216.10000610351562,33284200
2025-06-17 00:00:00-04:00,AMZN,215.1999969482422,217.41000366210938,214.55999755859375,214.82000732421875,32086300
2025-06-18 00:00:00-04:00,AMZN,215.08999633789062,217.9600067138672,212.33999633789062,212.52000427246094,44360500
2025-06-20 00:00:00-04:00,AMZN,214.67999267578125,214.88999938964844,208.27000427246094,209.69000244140625,75350700
2025-06-23 00:00:00-04:00,AMZN,209.7899932861328,210.38999938964844,207.30999755859375,208.47000122070312,37311700
2025-06-24 00:00:00-04:00,AMZN,212.13999938964844,214.33999633789062,211.0500030517578,212.77000427246094,38378800
2025-06-25 00:00:00-04:00,AMZN,214.6199951171875,216.02999877929688,211.11000061035156,211.99000549316406,31755700
2025-06-26 00:00:00-04:00,AMZN,213.1199951171875,218.0399932861328,212.00999450683594,217.1199951171875,50480800
2025-06-27 00:00:00-04:00,AMZN,219.9199981689453,223.3000030517578,216.74000549316406,223.3000030517578,119217100
2025-06-30 00:00:00-04:00,AMZN,223.52000427246094,223.82000732421875,219.1199951171875,219.38999938964844,58887800
2025-07-01 00:00:00-04:00,AMZN,219.5,221.8800048828125,217.92999267578125,220.4600067138672,39256800
2025-07-02 00:00:00-04:00,AMZN,219.72999572753906,221.60000610351562,219.05999755859375,219.9199981689453,30894200
2025-07-03 00:00:00-04:00,AMZN,221.82000732421875,224.00999450683594,221.36000061035156,223.41000366210938,29632400
2025-07-07 00:00:00-04:00,AMZN,223.0,224.2899932861328,222.3699951171875,223.47000122070312,36604100
2025-07-08 00:00:00-04:00,AMZN,223.9199981689453,224.0,218.42999267578125,219.36000061035156,45692000
2025-07-09 00:00:00-04:00,AMZN,221.07000732421875,224.2899932861328,220.47000122070312,222.5399932861328,38155100
2025-07-10 00:00:00-04:00,AMZN,221.5500030517578,222.7899932861328,219.6999969482422,222.25999450683594,30370600
2025-07-11 00:00:00-04:00,AMZN,223.5800018310547,226.67999267578125,222.3699951171875,225.02000427246094,50518300
2025-07-14 00:00:00-04:00,AMZN,225.07000732421875,226.66000366210938,224.24000549316406,225.69000244140625,35702600
2025-07-15 00:00:00-04:00,AMZN,226.1999969482422,227.27000427246094,225.4600067138672,226.35000610351562,34907300
2025-07-16 00:00:00-04:00,AMZN,225.8800048828125,226.10000610351562,222.17999267578125,223.19000244140625,39535900
2025-07-17 00:00:00-04:00,AMZN,223.32000732421875,224.5,222.50999450683594,223.8800048828125,31855800
2025-07-18 00:00:00-04:00,AMZN,225.13999938964844,226.39999389648438,222.97999572753906,226.1300048828125,37833800
2025-07-21 00:00:00-04:00,AMZN,225.83999633789062,229.69000244140625,225.64999389648438,229.3000030517578,40297600
2025-07-22 00:00:00-04:00,AMZN,229.67999267578125,230.0,226.35000610351562,227.47000122070312,37483700
2025-07-23 00:00:00-04:00,AMZN,228.47000122070312,228.7899932861328,227.08999633789062,228.2899932861328,28294900
2025-07-24 00:00:00-04:00,AMZN,229.1699981689453,236.0,228.63999938964844,232.22999572753906,42902300
2025-07-25 00:00:00-04:00,AMZN,232.22000122070312,232.47999572753906,231.17999267578125,231.44000244140625,28712100
2025-07-28 00:00:00-04:00,AMZN,233.35000610351562,234.2899932861328,232.25,232.7899932861328,26300100
2025-07-29 00:00:00-04:00,AMZN,234.14999389648438,234.72000122070312,230.30999755859375,231.00999450683594,33716200
2025-07-30 00:00:00-04:00,AMZN,231.63999938964844,231.8000030517578,229.2899932861328,230.19000244140625,32993300
2025-07-31 00:00:00-04:00,AMZN,235.77000427246094,236.52999877929688,231.39999389648438,234.11000061035156,104357300
2025-08-01 00:00:00-04:00,AMZN,217.2100067138672,220.44000244140625,212.8000030517578,214.75,122258800
2025-08-04 00:00:00-04:00,AMZN,217.39999389648438,217.44000244140625,211.4199981689453,211.64999389648438,77890100
2025-08-05 00:00:00-04:00,AMZN,213.0500030517578,216.3000030517578,212.8699951171875,213.75,51505100
2025-08-06 00:00:00-04:00,AMZN,214.6999969482422,222.64999389648438,213.74000549316406,222.30999755859375,54823000
2025-08-07 00:00:00-04:00,AMZN,221.0,226.22000122070312,220.82000732421875,223.1300048828125,40603500
2025-08-08 00:00:00-04:00,AMZN,223.13999938964844,223.8000030517578,221.8800048828125,222.69000244140625,32970500
2025-08-11 00:00:00-04:00,AMZN,221.77999877929688,223.0500030517578,220.39999389648438,221.3000030517578,31646200
2025-08-12 00:00:00-04:00,AMZN,222.22999572753906,223.5,219.0500030517578,221.47000122070312,37185800
2025-08-13 00:00:00-04:00,AMZN,222.0,224.9199981689453,222.0,224.55999755859375,36508300
2025-08-14 00:00:00-04:00,AMZN,227.39999389648438,233.11000061035156,227.02000427246094,230.97999572753906,61545800
2025-08-15 00:00:00-04:00,AMZN,232.5800018310547,234.0800018310547,229.80999755859375,231.02999877929688,39649200
2025-08-18 00:00:00-04:00,AMZN,230.22999572753906,231.91000366210938,228.3300018310547,231.49000549316406,25248900
2025-08-19 00:00:00-04:00,AMZN,230.08999633789062,230.52999877929688,227.1199951171875,228.00999450683594,29891000
2025-08-20 00:00:00-04:00,AMZN,227.1199951171875,227.27000427246094,220.9199981689453,223.80999755859375,36604300
2025-08-21 00:00:00-04:00,AMZN,222.64999389648438,222.77999877929688,220.5,221.9499969482422,32140500
2025-08-22 00:00:00-04:00,AMZN,222.7899932861328,229.13999938964844,220.82000732421875,228.83999633789062,37315300
2025-08-25 00:00:00-04:00,AMZN,227.35000610351562,229.60000610351562,227.30999755859375,227.94000244140625,22633700
2025-08-26 00:00:00-04:00,AMZN,227.11000061035156,229.0,226.02000427246094,228.7100067138672,26105400
2025-08-27 00:00:00-04:00,AMZN,228.57000732421875,229.8699951171875,227.80999755859375,229.1199951171875,21254500
2025-08-28 00:00:00-04:00,AMZN,229.00999450683594,232.7100067138672,228.02000427246094,231.60000610351562,33679600
2025-08-29 00:00:00-04:00,AMZN,231.32000732421875,231.80999755859375,228.16000366210938,229.0,26199200
2025-09-02 00:00:00-04:00,AMZN,223.52000427246094,226.1699981689453,221.8300018310547,225.33999633789062,38843900
2025-09-03 00:00:00-04:00,AMZN,225.2100067138672,227.1699981689453,224.36000061035156,225.99000549316406,29223100
2025-09-04 00:00:00-04:00,AMZN,231.19000244140625,235.77000427246094,230.77999877929688,235.67999267578125,59391800
2025-09-05 00:00:00-04:00,AMZN,235.19000244140625,236.0,231.92999267578125,232.3300018310547,36721800
2025-09-08 00:00:00-04:00,AMZN,234.94000244140625,237.60000610351562,233.75,235.83999633789062,33947100
2025-09-09 00:00:00-04:00,AMZN,236.36000061035156,238.85000610351562,235.0800018310547,238.24000549316406,27033800
2025-09-10 00:00:00-04:00,AMZN,237.52000427246094,237.67999267578125,229.10000610351562,230.3300018310547,60907700
2025-09-11 00:00:00-04:00,AMZN,231.49000549316406,231.52999877929688,229.33999633789062,229.9499969482422,37485600
2025-09-12 00:00:00-04:00,AMZN,230.35000610351562,230.7899932861328,226.2899932861328,228.14999389648438,38496200
2025-09-15 00:00:00-04:00,AMZN,230.6300048828125,233.72999572753906,230.32000732421875,231.42999267578125,33243300
2025-09-16 00:00:00-04:00,AMZN,232.94000244140625,235.89999389648438,232.22999572753906,234.0500030517578,38203900
2025-09-17 00:00:00-04:00,AMZN,233.77000427246094,234.3000030517578,228.7100067138672,231.6199951171875,42815200
2025-09-18 00:00:00-04:00,AMZN,232.5,233.47999572753906,228.7899932861328,231.22999572753906,37931700
2025-09-19 00:00:00-04:00,AMZN,232.3699951171875,234.16000366210938,229.6999969482422,231.47999572753906,97943200
2025-09-22 00:00:00-04:00,AMZN,230.55999755859375,230.57000732421875,227.50999450683594,227.6300048828125,45914500
2025-09-23 00:00:00-04:00,AMZN,227.8300018310547,227.86000061035156,220.07000732421875,220.7100067138672,70956200
2025-09-24 00:00:00-04:00,AMZN,224.14999389648438,224.55999755859375,219.4499969482422,220.2100067138672,49509000
2025-09-25 00:00:00-04:00,AMZN,220.05999755859375,220.6699981689453,216.47000122070312,218.14999389648438,52226300
2025-09-26 00:00:00-04:00,AMZN,219.0800018310547,221.0500030517578,218.02000427246094,219.77999877929688,41650100
2025-09-29 00:00:00-04:00,AMZN,220.0800018310547,222.60000610351562,219.3000030517578,222.1699981689453,44259200
2025-09-30 00:00:00-04:00,AMZN,222.02999877929688,222.24000549316406,217.88999938964844,219.57000732421875,48396400
2025-10-01 00:00:00-04:00,AMZN,217.36000061035156,222.14999389648438,216.61000061035156,220.6300048828125,43933800
2025-10-02 00:00:00-04:00,AMZN,221.00999450683594,222.80999755859375,218.9499969482422,222.41000366210938,41258600
2025-10-03 00:00:00-04:00,AMZN,223.44000244140625,224.1999969482422,219.33999633789062,219.50999450683594,43639000
2025-10-06 00:00:00-04:00,AMZN,221.0,221.72999572753906,216.02999877929688,220.89999389648438,43690900
2025-10-07 00:00:00-04:00,AMZN,220.8800048828125,222.88999938964844,220.1699981689453,221.77999877929688,31194700
2025-10-08 00:00:00-04:00,AMZN,222.9199981689453,226.72999572753906,221.19000244140625,225.22000122070312,46686000
2025-10-09 00:00:00-04:00,AMZN,225.0,228.2100067138672,221.75,227.74000549316406,46412100
2025-10-10 00:00:00-04:00,AMZN,226.2100067138672,228.25,216.0,216.3699951171875,72367500
2025-10-13 00:00:00-04:00,AMZN,217.6999969482422,220.67999267578125,217.0399932861328,220.07000732421875,37809700
2025-10-14 00:00:00-04:00,AMZN,215.55999755859375,219.32000732421875,212.60000610351562,216.38999938964844,45665600
2025-10-15 00:00:00-04:00,AMZN,216.6199951171875,217.7100067138672,212.66000366210938,215.57000732421875,45909500
2025-10-16 00:00:00-04:00,AMZN,215.6699981689453,218.58999633789062,212.80999755859375,214.47000122070312,42414600
2025-10-17 00:00:00-04:00,AMZN,214.55999755859375,214.8000030517578,211.02999877929688,213.0399932861328,45986900
2025-10-20 00:00:00-04:00,AMZN,213.8800048828125,216.69000244140625,213.58999633789062,216.47999572753906,38882800
2025-10-21 00:00:00-04:00,AMZN,218.42999267578125,223.32000732421875,217.99000549316406,222.02999877929688,50494600
2025-10-22 00:00:00-04:00,AMZN,219.3000030517578,220.00999450683594,216.52000427246094,217.9499969482422,44308500
2025-10-23 00:00:00-04:00,AMZN,219.0,221.3000030517578,218.17999267578125,221.08999633789062,31540000
2025-10-24 00:00:00-04:00,AMZN,221.97000122070312,225.39999389648438,221.89999389648438,224.2100067138672,38685100
2025-10-27 00:00:00-04:00,AMZN,227.66000366210938,228.39999389648438,225.5399932861328,226.97000122070312,38267000
2025-10-28 00:00:00-04:00,AMZN,228.22000122070312,231.49000549316406,226.2100067138672,229.25,47100000
2025-10-29 00:00:00-04:00,AMZN,231.6699981689453,232.82000732421875,227.75999450683594,230.3000030517578,52036200
2025-10-30 00:00:00-04:00,AMZN,227.05999755859375,228.44000244140625,222.75,222.86000061035156,102252900
2025-10-31 00:00:00-04:00,AMZN,250.10000610351562,250.5,243.97999572753906,244.22000122070312,166340800
2025-11-03 00:00:00-05:00,AMZN,255.36000061035156,258.6000061035156,252.89999389648438,254.0,95997800
2025-11-04 00:00:00-05:00,AMZN,250.3800048828125,257.010009765625,248.66000366210938,249.32000732421875,51546300
2025-11-05 00:00:00-05:00,AMZN,249.02999877929688,251.0,246.16000366210938,250.1999969482422,40610700
2025-11-06 00:00:00-05:00,AMZN,249.16000366210938,250.3800048828125,242.1699981689453,243.0399932861328,46004200
2025-11-07 00:00:00-05:00,AMZN,242.89999389648438,244.89999389648438,238.49000549316406,244.41000366210938,46374300
2025-11-10 00:00:00-05:00,AMZN,248.33999633789062,251.75,245.58999633789062,248.39999389648438,36476500
2025-11-11 00:00:00-05:00,AMZN,248.41000366210938,249.75,247.22999572753906,249.10000610351562,23564100
2025-11-12 00:00:00-05:00,AMZN,250.24000549316406,250.3699951171875,243.75,244.1999969482422,31190100
2025-11-13 00:00:00-05:00,AMZN,243.0500030517578,243.75,236.5,237.5800018310547,41401700
2025-11-14 00:00:00-05:00,AMZN,235.05999755859375,238.72999572753906,232.88999938964844,234.69000244140625,38956700
2025-11-17 00:00:00-05:00,AMZN,233.25,234.60000610351562,229.19000244140625,232.8699951171875,59919000
2025-11-18 00:00:00-05:00,AMZN,228.10000610351562,230.1999969482422,222.4199981689453,222.5500030517578,60608400
2025-11-19 00:00:00-05:00,AMZN,223.74000549316406,223.74000549316406,218.52000427246094,222.69000244140625,58335600
2025-11-20 00:00:00-05:00,AMZN,227.0500030517578,227.41000366210938,216.74000549316406,217.13999938964844,50309000
2025-11-21 00:00:00-05:00,AMZN,216.35000610351562,222.2100067138672,215.17999267578125,220.69000244140625,68490500
2025-11-24 00:00:00-05:00,AMZN,222.55999755859375,227.3300018310547,222.27000427246094,226.27999877929688,54318400
2025-11-25 00:00:00-05:00,AMZN,226.3800048828125,230.52000427246094,223.8000030517578,229.6699981689453,39379300
2025-11-26 00:00:00-05:00,AMZN,230.74000549316406,231.75,228.77000427246094,229.16000366210938,38497900
2025-11-28 00:00:00-05:00,AMZN,231.24000549316406,233.2899932861328,230.22000122070312,233.22000122070312,20292300
2025-12-01 00:00:00-05:00,AMZN,233.22000122070312,235.8000030517578,232.25,233.8800048828125,42904000
2025-12-02 00:00:00-05:00,AMZN,235.00999450683594,238.97000122070312,233.5500030517578,234.4199981689453,45785400
2025-12-03 00:00:00-05:00,AMZN,233.35000610351562,233.3800048828125,230.61000061035156,232.3800048828125,35495100
2025-12-04 00:00:00-05:00,AMZN,232.77000427246094,233.5,226.8000030517578,229.11000061035156,45683200
2025-12-05 00:00:00-05:00,AMZN,230.32000732421875,231.24000549316406,228.5500030517578,229.52999877929688,33117400
2025-12-08 00:00:00-05:00,AMZN,229.58999633789062,230.8300018310547,226.27000427246094,226.88999938964844,35019200
2025-12-09 00:00:00-05:00,AMZN,226.83999633789062,228.57000732421875,225.11000061035156,227.9199981689453,25841700
2025-12-10 00:00:00-05:00,AMZN,228.80999755859375,232.4199981689453,228.4600067138672,231.77999877929688,38790700
2025-12-11 00:00:00-05:00,AMZN,230.7100067138672,232.11000061035156,228.69000244140625,230.27999877929688,28249600
2025-12-12 00:00:00-05:00,AMZN,229.8699951171875,230.0800018310547,225.1199951171875,226.19000244140625,35639100
2025-12-15 00:00:00-05:00,AMZN,227.92999267578125,227.92999267578125,221.5,222.5399932861328,47286100
2025-12-16 00:00:00-05:00,AMZN,223.0399932861328,223.66000366210938,221.1300048828125,222.55999755859375,39298900
2025-12-17 00:00:00-05:00,AMZN,224.66000366210938,225.19000244140625,220.99000549316406,221.27000427246094,44034400
2025-12-18 00:00:00-05:00,AMZN,225.7100067138672,229.22999572753906,224.41000366210938,226.75999450683594,50272400
2025-12-19 00:00:00-05:00,AMZN,226.75999450683594,229.1300048828125,225.5800018310547,227.35000610351562,85544400
2025-12-22 00:00:00-05:00,AMZN,228.61000061035156,229.47999572753906,226.7100067138672,228.42999267578125,32261300
2025-12-23 00:00:00-05:00,AMZN,229.05999755859375,232.4499969482422,228.72999572753906,232.13999938964844,29230200
2025-12-24 00:00:00-05:00,AMZN,232.1300048828125,232.9499969482422,231.3300018310547,232.3800048828125,11420500
2025-12-26 00:00:00-05:00,AMZN,232.0399932861328,232.99000549316406,231.17999267578125,232.52000427246094,15994700
2025-12-29 00:00:00-05:00,AMZN,231.94000244140625,232.60000610351562,230.77000427246094,232.07000732421875,19797900
2025-12-30 00:00:00-05:00,AMZN,231.2100067138672,232.77000427246094,230.1999969482422,232.52999877929688,21910500
2025-12-31 00:00:00-05:00,AMZN,232.91000366210938,232.99000549316406,230.1199951171875,230.82000732421875,24383700
2026-01-02 00:00:00-05:00,AMZN,231.33999633789062,235.4600067138672,224.6999969482422,226.5,51456200
2026-01-05 00:00:00-05:00,AMZN,228.83999633789062,234.0,227.17999267578125,233.05999755859375,49733300
2026-01-06 00:00:00-05:00,AMZN,232.10000610351562,243.17999267578125,232.07000732421875,240.92999267578125,53764700
2026-01-07 00:00:00-05:00,AMZN,239.61000061035156,245.2899932861328,239.52000427246094,241.55999755859375,42236500
2026-01-08 00:00:00-05:00,AMZN,243.05999755859375,246.41000366210938,241.8800048828125,246.2899932861328,39509800
2026-01-09 00:00:00-05:00,AMZN,244.57000732421875,247.86000061035156,242.24000549316406,247.3800048828125,34560000
2026-01-12 00:00:00-05:00,AMZN,246.72999572753906,248.94000244140625,245.9600067138672,246.47000122070312,35867800
2026-01-13 00:00:00-05:00,AMZN,246.52999877929688,247.66000366210938,240.25,242.60000610351562,38371800
2026-01-14 00:00:00-05:00,AMZN,241.14999389648438,241.27999877929688,236.22000122070312,236.64999389648438,41410600
2026-01-15 00:00:00-05:00,AMZN,239.30999755859375,240.64999389648438,236.6300048828125,238.17999267578125,43003600
2026-01-16 00:00:00-05:00,AMZN,239.08999633789062,239.57000732421875,236.41000366210938,239.1199951171875,45888300
2026-01-20 00:00:00-05:00,AMZN,233.75999450683594,235.08999633789062,229.33999633789062,231.0,47737900
2026-01-21 00:00:00-05:00,AMZN,231.08999633789062,232.3000030517578,226.8800048828125,231.30999755859375,47276100
2026-01-22 00:00:00-05:00,AMZN,234.0500030517578,235.72000122070312,230.89999389648438,234.33999633789062,31913300
2026-01-23 00:00:00-05:00,AMZN,234.9600067138672,240.4499969482422,234.57000732421875,239.16000366210938,33778500
2026-01-26 00:00:00-05:00,AMZN,239.97999572753906,240.9499969482422,237.5399932861328,238.4199981689453,32825500
2026-01-27 00:00:00-05:00,AMZN,239.69000244140625,244.8800048828125,238.0800018310547,244.67999267578125,38029200
2026-01-28 00:00:00-05:00,AMZN,246.3699951171875,247.77999877929688,241.52999877929688,243.00999450683594,40882700
2026-01-29 00:00:00-05:00,AMZN,242.82000732421875,243.0,236.74000549316406,241.72999572753906,47229600
2026-01-30 00:00:00-05:00,AMZN,239.88999938964844,243.32000732421875,237.63999938964844,239.3000030517578,46585000
2026-02-02 00:00:00-05:00,AMZN,238.30999755859375,245.6300048828125,238.1699981689453,242.9600067138672,37546100
2026-02-03 00:00:00-05:00,AMZN,244.97999572753906,246.35000610351562,235.4499969482422,238.6199951171875,53831300
2026-02-04 00:00:00-05:00,AMZN,238.86000061035156,238.86000061035156,231.82000732421875,232.99000549316406,51299900
2026-02-05 00:00:00-05:00,AMZN,224.91000366210938,226.30999755859375,220.3800048828125,222.69000244140625,103509200
2026-02-06 00:00:00-05:00,AMZN,202.6999969482422,211.44000244140625,200.30999755859375,210.32000732421875,179210900
2026-02-09 00:00:00-05:00,AMZN,208.97000122070312,212.80999755859375,203.35000610351562,208.72000122070312,91178400
2026-02-10 00:00:00-05:00,AMZN,208.8000030517578,212.64999389648438,206.41000366210938,206.9600067138672,67175000
2026-02-11 00:00:00-05:00,AMZN,208.05999755859375,208.57000732421875,202.49000549316406,204.0800018310547,65545500
2026-02-12 00:00:00-05:00,AMZN,203.9600067138672,203.9600067138672,197.55999755859375,199.60000610351562,83975400
2026-02-13 00:00:00-05:00,AMZN,198.8800048828125,201.16000366210938,197.27999877929688,198.7899932861328,66321600
2026-02-17 00:00:00-05:00,AMZN,198.1300048828125,201.74000549316406,196.0,201.14999389648438,69879200
2026-02-18 00:00:00-05:00,AMZN,202.07000732421875,206.86000061035156,201.50999450683594,204.7899932861328,51003300
2026-02-19 00:00:00-05:00,AMZN,203.8000030517578,205.63999938964844,202.80999755859375,204.86000061035156,35669600
2026-02-20 00:00:00-05:00,AMZN,204.75999450683594,211.1699981689453,203.75,210.11000061035156,65881600
2026-02-23 00:00:00-05:00,AMZN,208.10000610351562,208.42999267578125,203.11000061035156,205.27000427246094,53581500
2026-02-24 00:00:00-05:00,AMZN,205.47000122070312,210.36000061035156,203.25,208.55999755859375,41137200
2026-02-25 00:00:00-05:00,AMZN,210.4600067138672,211.58999633789062,208.92999267578125,210.63999938964844,41346400
2026-02-26 00:00:00-05:00,AMZN,210.72999572753906,211.0500030517578,205.35000610351562,207.9199981689453,47756800
2026-02-27 00:00:00-05:00,AMZN,206.8300018310547,210.3300018310547,205.1999969482422,210.0,57422800
2026-03-02 00:00:00-05:00,AMZN,204.5500030517578,209.72999572753906,203.4600067138672,208.38999938964844,46001000
2026-03-03 00:00:00-05:00,AMZN,203.10000610351562,209.17999267578125,202.47999572753906,208.72999572753906,43184900
2026-03-04 00:00:00-05:00,AMZN,210.47000122070312,217.5399932861328,210.14999389648438,216.82000732421875,54731100
2026-03-05 00:00:00-05:00,AMZN,215.97999572753906,220.47000122070312,215.58999633789062,218.94000244140625,60943400
2026-03-06 00:00:00-05:00,AMZN,214.99000549316406,217.32000732421875,212.52999877929688,213.2100067138672,51152700
2026-03-09 00:00:00-04:00,AMZN,210.4499969482422,213.82000732421875,207.11000061035156,213.49000549316406,54642900
2026-03-10 00:00:00-04:00,AMZN,214.19000244140625,215.64999389648438,212.42999267578125,214.3300018310547,35678800
2026-03-11 00:00:00-04:00,AMZN,215.7100067138672,217.0,211.35000610351562,212.64999389648438,34199300
2026-03-12 00:00:00-04:00,AMZN,210.38999938964844,211.7100067138672,208.14999389648438,209.52999877929688,44349500
2026-03-13 00:00:00-04:00,AMZN,209.61000061035156,210.55999755859375,206.22000122070312,207.6699981689453,35662100
2026-03-16 00:00:00-04:00,AMZN,208.35000610351562,212.72000122070312,207.4499969482422,211.74000549316406,42209300
2026-03-17 00:00:00-04:00,AMZN,212.82000732421875,215.6999969482422,212.42999267578125,215.1999969482422,44969900
2026-03-18 00:00:00-04:00,AMZN,213.92999267578125,215.13999938964844,208.8300018310547,209.8699951171875,37846600
2026-03-19 00:00:00-04:00,AMZN,207.05999755859375,209.1199951171875,206.0500030517578,208.75999450683594,36440600
2026-03-20 00:00:00-04:00,AMZN,207.39999389648438,207.5399932861328,204.32000732421875,205.3699951171875,63694600
2026-03-23 00:00:00-04:00,AMZN,209.7899932861328,212.8000030517578,209.50999450683594,210.13999938964844,44277400
2026-03-24 00:00:00-04:00,AMZN,207.9499969482422,209.35000610351562,206.63999938964844,207.24000549316406,35351400
2026-03-25 00:00:00-04:00,AMZN,211.55999755859375,213.07000732421875,209.89999389648438,211.7100067138672,36388800
2026-03-26 00:00:00-04:00,AMZN,210.61000061035156,212.88999938964844,207.1199951171875,207.5399932861328,46746000
2026-03-27 00:00:00-04:00,AMZN,206.4600067138672,206.60000610351562,199.13999938964844,199.33999633789062,56009800
2026-03-30 00:00:00-04:00,AMZN,201.47999572753906,203.8000030517578,199.97999572753906,200.9499969482422,46373800
2026-03-31 00:00:00-04:00,AMZN,204.85000610351562,210.27999877929688,204.13999938964844,208.27000427246094,58470100
2026-04-01 00:00:00-04:00,AMZN,210.44000244140625,213.5800018310547,208.19000244140625,210.57000732421875,45955400
2026-04-02 00:00:00-04:00,AMZN,206.5399932861328,212.2100067138672,204.89999389648438,209.77000427246094,31453000
2026-04-06 00:00:00-04:00,AMZN,209.8000030517578,212.9499969482422,209.58999633789062,212.7899932861328,25385500
2026-04-07 00:00:00-04:00,AMZN,211.24000549316406,213.97000122070312,209.0800018310547,213.77000427246094,28154600
2026-04-08 00:00:00-04:00,AMZN,223.7899932861328,226.10000610351562,219.6199951171875,221.25,51092700
2026-04-09 00:00:00-04:00,AMZN,225.22999572753906,233.8000030517578,223.27000427246094,233.64999389648438,65964200
2026-04-10 00:00:00-04:00,AMZN,235.3000030517578,240.42999267578125,235.2100067138672,238.3800048828125,56912800
2026-04-13 00:00:00-04:00,AMZN,237.4499969482422,240.0,235.75,239.88999938964844,42166200
2026-04-14 00:00:00-04:00,AMZN,241.77999877929688,252.17999267578125,241.77999877929688,249.02000427246094,72685000
2026-04-15 00:00:00-04:00,AMZN,249.25,250.44000244140625,247.1999969482422,248.5,43045200
2026-04-16 00:00:00-04:00,AMZN,248.50999450683594,250.0,244.1999969482422,249.6999969482422,41895700
2026-04-17 00:00:00-04:00,AMZN,254.99000549316406,256.17999267578125,250.11000061035156,250.55999755859375,52029300
2026-04-20 00:00:00-04:00,AMZN,249.19000244140625,250.17999267578125,245.3699951171875,248.27999877929688,39463100
2026-04-21 00:00:00-04:00,AMZN,255.08999633789062,255.08999633789062,249.10000610351562,249.91000366210938,42922400
2026-04-22 00:00:00-04:00,AMZN,252.44000244140625,255.94000244140625,250.3300018310547,255.36000061035156,36065100
2026-04-23 00:00:00-04:00,AMZN,255.38999938964844,258.7900085449219,253.07000732421875,255.0800018310547,39091400
2026-04-24 00:00:00-04:00,AMZN,259.9800109863281,264.5,257.69000244140625,263.989990234375,53777400
2026-04-27 00:00:00-04:00,AMZN,263.4599914550781,264.1499938964844,260.3399963378906,261.1199951171875,44906800
2026-04-28 00:00:00-04:00,AMZN,258.3900146484375,261.0299987792969,256.6300048828125,259.70001220703125,42204400
2026-04-29 00:00:00-04:00,AMZN,257.989990234375,265.9100036621094,257.70001220703125,263.0400085449219,72367900
2026-04-30 00:00:00-04:00,AMZN,273.1700134277344,273.8800048828125,256.1600036621094,265.05999755859375,100974900
2026-05-01 00:00:00-04:00,AMZN,265.5799865722656,273.32000732421875,262.739990234375,268.260009765625,50825200
2026-05-04 00:00:00-04:00,AMZN,268.79998779296875,276.1000061035156,268.79998779296875,272.04998779296875,49083700
2026-05-05 00:00:00-04:00,AMZN,276.0799865722656,278.55999755859375,272.3800048828125,273.54998779296875,41908500
2026-05-06 00:00:00-04:00,AMZN,272.8900146484375,277.79998779296875,272.2099914550781,274.989990234375,44552000
2026-05-07 00:00:00-04:00,AMZN,275.0199890136719,276.6300048828125,270.489990234375,271.1700134277344,35892900
2026-05-08 00:00:00-04:00,AMZN,271.6300048828125,274.0,269.95001220703125,272.67999267578125,34732700
2026-05-11 00:00:00-04:00,AMZN,269.8399963378906,273.6300048828125,268.4800109863281,268.989990234375,38176700
2026-05-12 00:00:00-04:00,AMZN,266.7099914550781,267.6499938964844,262.6300048828125,265.82000732421875,36776200
2026-05-13 00:00:00-04:00,AMZN,264.42999267578125,270.7200012207031,263.20001220703125,270.1300048828125,39670900
2026-05-14 00:00:00-04:00,AMZN,269.1499938964844,270.7799987792969,266.6300048828125,267.2200012207031,31338400
2026-05-15 00:00:00-04:00,AMZN,262.5,264.3599853515625,260.8900146484375,264.1400146484375,40770300
2026-05-18 00:00:00-04:00,AMZN,263.8699951171875,268.8500061035156,262.5299987792969,264.8599853515625,33690800
2026-05-19 00:00:00-04:00,AMZN,262.0400085449219,262.25,255.19000244140625,259.3399963378906,40340700
2026-05-20 00:00:00-04:00,AMZN,260.04998779296875,265.5799865722656,259.5299987792969,265.010009765625,34933200
2026-05-21 00:00:00-04:00,AMZN,263.5,269.489990234375,261.3699951171875,268.4599914550781,36591700
2026-05-22 00:00:00-04:00,AMZN,268.6600036621094,269.7900085449219,266.239990234375,266.32000732421875,27535500
2026-05-26 00:00:00-04:00,AMZN,267.94000244140625,269.29998779296875,262.07000732421875,265.2900085449219,38028100
2026-05-27 00:00:00-04:00,AMZN,266.1499938964844,272.4100036621094,265.70001220703125,271.8500061035156,40061900
2026-05-28 00:00:00-04:00,AMZN,272.2699890136719,274.5,267.44000244140625,274.0,40630400
2026-05-29 00:00:00-04:00,AMZN,271.2900085449219,274.75,269.6400146484375,270.6400146484375,54749600
2026-06-01 00:00:00-04:00,AMZN,266.2900085449219,266.6300048828125,260.70001220703125,261.260009765625,53604400
2026-06-02 00:00:00-04:00,AMZN,257.1600036621094,261.20001220703125,254.3699951171875,256.5199890136719,41811000
2026-06-03 00:00:00-04:00,AMZN,254.6999969482422,257.0899963378906,247.7100067138672,250.02000427246094,51394200
2026-06-04 00:00:00-04:00,AMZN,253.1199951171875,255.8300018310547,251.75,253.7899932861328,35609800
2026-06-05 00:00:00-04:00,AMZN,254.25999450683594,256.3800048828125,245.77999877929688,246.02999877929688,55607800
2026-06-08 00:00:00-04:00,AMZN,246.67999267578125,249.4199981689453,243.36000061035156,245.22000122070312,33899500
2026-06-09 00:00:00-04:00,AMZN,247.72999572753906,250.42999267578125,240.39999389648438,244.19000244140625,44425400
2026-06-10 00:00:00-04:00,AMZN,243.61000061035156,244.07000732421875,237.4499969482422,238.0,38590200
2026-06-11 00:00:00-04:00,AMZN,237.92999267578125,242.13999938964844,235.17999267578125,241.50999450683594,41335400
2026-06-12 00:00:00-04:00,AMZN,243.2100067138672,243.36000061035156,233.58999633789062,238.5500030517578,51186600
2026-06-15 00:00:00-04:00,AMZN,245.02000427246094,247.80999755859375,244.72999572753906,246.02000427246094,41711600
2026-06-16 00:00:00-04:00,AMZN,248.0,249.50999450683594,245.4499969482422,246.0,35187400
2026-06-17 00:00:00-04:00,AMZN,244.89999389648438,245.91000366210938,236.0,237.5,44780800
2026-06-18 00:00:00-04:00,AMZN,240.1199951171875,245.72999572753906,236.02000427246094,244.38999938964844,75624400
2026-06-22 00:00:00-04:00,AMZN,240.0800018310547,242.0,232.24000549316406,232.7899932861328,68388500
2026-06-23 00:00:00-04:00,AMZN,232.5500030517578,236.8699951171875,232.0,234.11000061035156,60492600
2026-06-24 00:00:00-04:00,AMZN,233.85000610351562,242.4199981689453,232.9499969482422,234.27000427246094,70282600
2026-06-25 00:00:00-04:00,AMZN,232.02000427246094,232.32000732421875,225.5500030517578,227.00999450683594,77674100
2026-06-26 00:00:00-04:00,AMZN,227.2100067138672,233.89999389648438,226.1300048828125,232.69000244140625,248372100
2026-06-29 00:00:00-04:00,AMZN,234.22000122070312,249.7100067138672,233.8000030517578,240.13999938964844,77619200
2026-06-30 00:00:00-04:00,AMZN,237.35000610351562,241.5399932861328,237.1699981689453,238.33999633789062,66228300
2026-07-01 00:00:00-04:00,AMZN,239.75,244.89999389648438,234.89999389648438,241.6999969482422,53829900
2026-07-02 00:00:00-04:00,AMZN,241.61000061035156,246.72000122070312,241.0800018310547,242.6699981689453,48246400
2026-07-06 00:00:00-04:00,AMZN,243.8000030517578,246.0399932861328,240.8800048828125,244.16000366210938,40044000
2026-07-07 00:00:00-04:00,AMZN,246.97999572753906,248.92999267578125,242.6999969482422,245.97999572753906,40579600
2026-07-08 00:00:00-04:00,AMZN,244.27000427246094,244.8000030517578,240.52000427246094,243.6199951171875,29653000
2026-07-09 00:00:00-04:00,AMZN,239.82000732421875,247.5,238.25,247.0399932861328,38091700
2026-07-10 00:00:00-04:00,AMZN,249.5500030517578,251.02999877929688,244.41000366210938,245.33999633789062,31654000
2026-07-13 00:00:00-04:00,AMZN,244.67999267578125,249.64999389648438,244.17999267578125,247.30999755859375,34636100
2026-07-14 00:00:00-04:00,AMZN,245.5500030517578,248.55999755859375,243.8000030517578,247.49000549316406,30108100
2026-07-15 00:00:00-04:00,AMZN,249.75,256.4800109863281,249.75,254.9600067138672,45240600
2026-07-16 00:00:00-04:00,AMZN,255.1199951171875,258.0799865722656,248.0,249.88999938964844,45343700
2026-07-17 00:00:00-04:00,AMZN,244.4600067138672,250.24000549316406,243.58999633789062,247.22999572753906,43572400
2026-07-20 00:00:00-04:00,AMZN,248.75999450683594,252.88999938964844,248.0,249.99000549316406,32406500
2026-07-21 00:00:00-04:00,AMZN,249.11000061035156,249.33999633789062,246.4199981689453,247.5500030517578,27732100
2026-07-22 00:00:00-04:00,AMZN,248.27000427246094,248.4499969482422,242.4499969482422,244.85000610351562,34112700
2026-07-23 00:00:00-04:00,AMZN,236.25999450683594,238.35000610351562,232.0500030517578,233.66000366210938,47465300
2026-07-24 00:00:00-04:00,AMZN,234.3800048828125,234.9499969482422,231.33999633789062,232.11000061035156,35017400
2026-07-27 00:00:00-04:00,AMZN,235.6699981689453,235.88999938964844,230.99000549316406,231.38999938964844,34999500
2026-07-28 00:00:00-04:00,AMZN,232.85000610351562,233.11000061035156,228.10000610351562,230.86000061035156,44521600
2026-07-29 00:00:00-04:00,AMZN,229.32000732421875,232.82000732421875,226.16000366210938,226.64999389648438,44957500
2026-07-30 00:00:00-04:00,AMZN,233.35000610351562,239.82000732421875,231.05999755859375,235.5,101839800
2026-07-31 00:00:00-04:00,AMZN,265.0,273.2300109863281,262.010009765625,271.5799865722656,129054800
2026-08-03 00:00:00-04:00,AMZN,278.2900085449219,287.20001220703125,278.0,284.0199890136719,90830200
2026-08-04 00:00:00-04:00,AMZN,276.05999755859375,281.07000732421875,275.82000732421875,277.4200134277344,69748100
2026-08-05 00:00:00-04:00,AMZN,281.5899963378906,282.7900085449219,270.7300109863281,272.6499938964844,45119800
2026-08-06 00:00:00-04:00,AMZN,272.7699890136719,275.4800109863281,271.05999755859375,272.260009765625,30672900
2026-08-07 00:00:00-04:00,AMZN,272.8699951171875,278.30999755859375,272.75,274.4800109863281,33861400
2026-08-10 00:00:00-04:00,AMZN,274.010009765625,280.1400146484375,273.6000061035156,278.0899963378906,35731900
2026-08-11 00:00:00-04:00,AMZN,278.69000244140625,278.8399963378906,271.3599853515625,272.2699890136719,31895700
2026-08-12 00:00:00-04:00,AMZN,273.17999267578125,273.4599914550781,267.1000061035156,267.2799987792969,29941100
2026-08-13 00:00:00-04:00,AMZN,267.239990234375,269.5799865722656,264.7099914550781,265.1300048828125,32170200
2026-08-14 00:00:00-04:00,AMZN,264.8800048828125,265.80999755859375,262.4200134277344,262.6499938964844,27251700
2026-08-17 00:00:00-04:00,AMZN,265.44000244140625,265.75,258.3399963378906,261.30999755859375,43896500
2026-08-18 00:00:00-04:00,AMZN,260.6300048828125,262.17999267578125,257.7300109863281,259.45001220703125,33171300
2026-08-19 00:00:00-04:00,AMZN,260.8500061035156,266.3999938964844,258.5799865722656,265.8399963378906,35762400
2026-08-20 00:00:00-04:00,AMZN,263.1600036621094,263.8399963378906,259.5199890136719,260.1099853515625,28374100
2026-08-21 00:00:00-04:00,AMZN,260.739990234375,261.0899963378906,257.0400085449219,258.6300048828125,35723000
2026-08-24 00:00:00-04:00,AMZN,259.6000061035156,263.32000732421875,259.04998779296875,262.07000732421875,28070500
2026-08-25 00:00:00-04:00,AMZN,262.510009765625,263.8900146484375,259.8299865722656,261.05999755859375,25550200
2026-08-26 00:00:00-04:00,AMZN,261.2799987792969,262.04998779296875,258.239990234375,260.2799987792969,21528400
2026-08-27 00:00:00-04:00,AMZN,259.2300109863281,259.6600036621094,255.02000427246094,256.260009765625,35927800
2026-08-28 00:00:00-04:00,AMZN,258.32000732421875,267.55999755859375,257.7799987792969,266.42999267578125,49547400
2026-08-31 00:00:00-04:00,AMZN,263.8299865722656,264.3599853515625,257.1199951171875,259.7699890136719,46089400
2026-09-01 00:00:00-04:00,AMZN,254.8300018310547,255.82000732421875,251.92999267578125,254.9199981689453,31700100
2026-09-02 00:00:00-04:00,AMZN,254.25999450683594,256.239990234375,253.39999389648438,254.97999572753906,24013300
2026-09-03 00:00:00-04:00,AMZN,256.20001220703125,259.5,256.0,258.8999938964844,26891500
2026-09-04 00:00:00-04:00,AMZN,259.07000732421875,261.1199951171875,255.2899932861328,258.510009765625,30749900
2026-09-08 00:00:00-04:00,AMZN,256.67999267578125,257.989990234375,254.75,256.9700012207031,29398000
2026-09-09 00:00:00-04:00,AMZN,253.1199951171875,254.69000244140625,250.64999389648438,252.39999389648438,33011800
2024-09-10 00:00:00-04:00,SPY,535.678706144088,536.450474898389,530.8138918516801,536.0987548828125,36394600
2024-09-11 00:00:00-04:00,SPY,536.0107592184578,542.5167136236998,527.4728902611638,541.5984497070312,75248600
2024-09-12 00:00:00-04:00,SPY,542.1748597619055,546.4633510224045,539.9573366553728,546.1605224609375,51819600
2024-09-13 00:00:00-04:00,SPY,546.7662020730168,550.0094311099382,546.5122052774053,549.0130004882812,39310500
2024-09-16 00:00:00-04:00,SPY,548.7492552395013,550.0875680057417,546.9518402590558,549.8238525390625,36656100
2024-09-17 00:00:00-04:00,SPY,552.031423916307,553.477237850398,547.8210997398118,550.0484008789062,49321000
2024-09-18 00:00:00-04:00,SPY,550.702966140304,555.5385046014119,547.8602888957543,548.4171142578125,59044900
2024-09-19 00:00:00-04:00,SPY,557.8049696122027,559.6317196720588,554.9427352423553,557.775634765625,75315500
2024-09-20 00:00:00-04:00,SPY,556.4096197933483,557.8500005367814,553.7933228326182,556.8113403320312,77503100
2024-09-23 00:00:00-04:00,SPY,557.8794446150124,558.8495067502496,556.6643550711399,558.2027587890625,44116900
2024-09-24 00:00:00-04:00,SPY,558.9964868304339,559.8587776289324,556.1744550910837,559.7999877929688,46805700
2024-09-25 00:00:00-04:00,SPY,559.6431398003925,560.3780425284191,557.4579883539482,558.5652465820312,38428600
2024-09-26 00:00:00-04:00,SPY,562.8179934718497,563.1413674659622,558.428192996937,560.7798461914062,48336000
2024-09-27 00:00:00-04:00,SPY,561.8478858705382,562.6611352170194,558.9376397719122,559.9664916992188,42100900
2024-09-30 00:00:00-04:00,SPY,558.9376557740085,562.8179640810873,556.6447925339722,562.21044921875,63557400
2024-10-01 00:00:00-04:00,SPY,561.8576982708267,562.5043864049716,554.6066335561335,557.1738891601562,72668800
2024-10-02 00:00:00-04:00,SPY,556.282242548741,558.4281611024765,553.8913563966638,557.4090576171875,38097800
2024-10-03 00:00:00-04:00,SPY,555.9392527365582,558.3301388916863,554.106899883147,556.3900146484375,40846500
2024-10-04 00:00:00-04:00,SPY,560.8289047749598,561.8185836337517,556.6644547933669,561.4462280273438,42939100
2024-10-07 00:00:00-04:00,SPY,559.7999074826037,560.446655391967,555.2239297880301,556.370361328125,49964700
2024-10-08 00:00:00-04:00,SPY,558.9376197622599,562.230029540932,558.0655806170524,561.6322631835938,37398700
2024-10-09 00:00:00-04:00,SPY,561.6224751598685,566.0809331902332,561.0247685875196,565.5223999023438,37912200
2024-10-10 00:00:00-04:00,SPY,564.1799758679994,565.9535388259317,562.9257131010544,564.53271484375,44138100
2024-10-11 00:00:00-04:00,SPY,564.4542980317323,568.6481717987969,564.3171018304082,567.9132690429688,42268000
2024-10-14 00:00:00-04:00,SPY,569.5202272995722,573.4887501402064,569.0401003876937,572.557861328125,36217200
2024-10-15 00:00:00-04:00,SPY,572.8224268603595,573.1261842726946,566.8941634738084,568.1092529296875,54203600
2024-10-16 00:00:00-04:00,SPY,568.1093801464922,571.0979733835155,567.3058791131047,570.57861328125,30725400
2024-10-17 00:00:00-04:00,SPY,574.1158386665669,574.3216329805343,570.4413246734956,570.6275024414062,34393700
2024-10-18 00:00:00-04:00,SPY,572.3128969974695,573.6063330690159,570.8528997080355,572.8224487304688,37416800
2024-10-21 00:00:00-04:00,SPY,572.0973176864316,573.0771881011084,568.912738838732,571.8817749023438,36439000
2024-10-22 00:00:00-04:00,SPY,569.3536172092114,572.7341816541917,568.6971208640092,571.5779418945312,34183800
2024-10-23 00:00:00-04:00,SPY,569.5594810059998,570.0004346494243,562.8571411229607,566.3552856445312,49314600
2024-10-24 00:00:00-04:00,SPY,568.3051725972728,568.3835789691921,564.9638411001258,567.580078125,34979900
2024-10-25 00:00:00-04:00,SPY,569.8044050522926,572.6950344865168,566.443456997856,567.3840942382812,47268200
2024-10-28 00:00:00-04:00,SPY,570.8528344834444,570.9802224021391,568.834304134212,569.1380615234375,30174700
2024-10-29 00:00:00-04:00,SPY,568.1778707648036,571.1762720247682,566.7864714367279,570.0592651367188,42899700
2024-10-30 00:00:00-04:00,SPY,569.5888588084969,571.5780244818477,567.6291179550885,568.3346557617188,41435800
2024-10-31 00:00:00-04:00,SPY,563.9741674152153,564.0427655154251,556.9974954170759,557.1934814453125,60182500
2024-11-01 00:00:00-04:00,SPY,559.8196194970722,563.9644525610958,559.1336981878939,559.5452270507812,45667500
2024-11-04 00:00:00-05:00,SPY,559.6823223393656,560.9757583388703,556.4585705161212,558.3399047851562,38217000
2024-11-05 00:00:00-05:00,SPY,559.251198693126,565.1304208425688,559.0356559214524,565.0912475585938,39478300
2024-11-06 00:00:00-05:00,SPY,577.3396500855225,580.0146771322202,573.6063462638446,579.142578125,68182000
2024-11-07 00:00:00-05:00,SPY,581.1415644099445,584.639708979933,581.063158030651,583.62060546875,47233200
2024-11-08 00:00:00-05:00,SPY,584.1693242787533,587.5695056932594,584.1693242787533,586.148681640625,46444900
2024-11-11 00:00:00-05:00,SPY,587.7361274635068,588.0888664930864,584.9826937261699,586.707275390625,37586800
2024-11-12 00:00:00-05:00,SPY,586.6287204841349,587.2264269895784,582.4054820528869,584.8845825195312,43006100
2024-11-13 00:00:00-05:00,SPY,585.3451316888757,587.1676761411395,582.9836705187753,585.1687622070312,47388600
2024-11-14 00:00:00-05:00,SPY,585.296183408181,585.7763103260314,580.7202054727688,581.4060668945312,38904100
2024-11-15 00:00:00-05:00,SPY,577.8491019104924,578.3194803370213,572.1070761341368,573.9590454101562,75988800
2024-11-18 00:00:00-05:00,SPY,574.4195885423085,577.6237838402152,573.5573576252949,576.310791015625,37001700
2024-11-19 00:00:00-05:00,SPY,572.9400384688264,579.142574989824,572.2737337790142,578.41748046875,49412000
2024-11-20 00:00:00-05:00,SPY,578.495884693383,578.8976052377521,572.8616299600318,578.6134643554688,50032600
2024-11-21 00:00:00-05:00,SPY,581.4550801704302,583.1404284379229,575.6248397212988,581.7196044921875,46750300
2024-11-22 00:00:00-05:00,SPY,581.7098478799927,584.1497754660484,581.2101642027249,583.5226440429688,38226400
2024-11-25 00:00:00-05:00,SPY,587.4518855330788,588.7648782973704,583.2188384863542,585.501953125,42441400
2024-11-26 00:00:00-05:00,SPY,586.746407902425,589.2255088244219,586.0311216188419,588.5592041015625,45621300
2024-11-27 00:00:00-05:00,SPY,588.3730114334577,588.755115442667,585.2570306878304,586.7758178710938,34000200
2024-11-29 00:00:00-05:00,SPY,587.5890586237147,591.2047827973582,587.3147260107087,590.4208984375,30177400
2024-12-02 00:00:00-05:00,SPY,590.8323780737772,592.1552388895445,590.3424429138348,591.4791259765625,31746000
2024-12-03 00:00:00-05:00,SPY,591.2440480710218,591.9985076527607,590.2151960547985,591.7535400390625,26906600
2024-12-04 00:00:00-05:00,SPY,593.438872844782,595.6729460981672,592.7725681970518,595.427978515625,42787600
2024-12-05 00:00:00-05:00,SPY,595.4279904670244,596.2314913306755,594.0953811448159,594.4481201171875,28762200
2024-12-06 00:00:00-05:00,SPY,595.212464951605,596.8096584526629,594.800936138575,595.5750122070312,31241500
2024-12-09 00:00:00-05:00,SPY,595.4574149257465,595.6239761392873,591.9200973185369,592.5079956054688,34742700
2024-12-10 00:00:00-05:00,SPY,593.1841677805376,593.605504896008,590.0093971009587,590.6658935546875,37234500
2024-12-11 00:00:00-05:00,SPY,593.5858806768452,596.1825011825678,593.3114882757061,595.2320556640625,28677700
2024-12-12 00:00:00-05:00,SPY,594.3698085144841,594.9380902901107,592.1651000976562,592.1651000976562,31543800
2024-12-13 00:00:00-05:00,SPY,594.1934038090473,594.9086900260288,590.6756429397628,592.0474853515625,35904700
2024-12-16 00:00:00-05:00,SPY,593.8013634964105,595.5455612250375,593.0272875396962,594.575439453125,43695200
2024-12-17 00:00:00-05:00,SPY,592.0279524011855,592.9882063411098,590.7541327283874,592.1259155273438,55773500
2024-12-18 00:00:00-05:00,SPY,591.822113059209,594.2031909866316,574.0962907751041,574.4784545898438,108248700
2024-12-19 00:00:00-05:00,SPY,579.456129686489,581.0631314525076,574.057034359764,574.302001953125,85919500
2024-12-20 00:00:00-05:00,SPY,571.9778879961826,585.722562754752,571.1323175828937,581.2000122070312,125716700
2024-12-23 00:00:00-05:00,SPY,580.9443919924163,585.2801382457641,577.7687172457148,584.680419921875,57635800
2024-12-24 00:00:00-05:00,SPY,586.0273454449668,591.2185033240278,585.4472496940897,591.1791381835938,33160100
2024-12-26 00:00:00-05:00,SPY,589.4093887705021,592.3392110668057,588.0133066034633,591.2184448242188,41219100
2024-12-27 00:00:00-05:00,SPY,587.4823184826345,587.7183292627742,580.8164691334702,584.9949340820312,64969300
2024-12-30 00:00:00-05:00,SPY,577.9949335439408,581.7801081982007,574.5734664197146,578.3193359375,56578800
2024-12-31 00:00:00-05:00,SPY,579.9808236627084,580.698577374324,574.5832389413312,576.21533203125,57052700
2025-01-02 00:00:00-05:00,SPY,579.4696102256324,581.1803135593343,570.7292291618253,574.799560546875,50204000
2025-01-03 00:00:00-05:00,SPY,577.64092396713,582.6255346471705,576.5594027877501,581.9865112304688,37888500
2025-01-06 00:00:00-05:00,SPY,586.2338281568046,589.6060884935793,583.6087253809885,585.339111328125,47679400
2025-01-07 00:00:00-05:00,SPY,587.3643786767495,587.6888410122485,576.903513754268,578.7223510742188,60393100
2025-01-08 00:00:00-05:00,SPY,578.7911897402016,580.6395509433228,575.350100693004,579.56787109375,47304700
2025-01-10 00:00:00-05:00,SPY,576.0185903209236,576.0874192959229,568.8119506064235,570.7192993164062,73105000
2025-01-13 00:00:00-05:00,SPY,566.0787864044993,571.9581131697737,565.6658125456092,571.6041870117188,47910100
2025-01-14 00:00:00-05:00,SPY,574.5242667122994,575.1535088845837,568.6154150795988,572.3908081054688,48420600
2025-01-15 00:00:00-05:00,SPY,580.3938376431494,583.943061283102,579.2828525136379,582.8026123046875,56900200
2025-01-16 00:00:00-05:00,SPY,584.1690862304802,584.34604932179,580.9836305712422,581.6817016601562,43319700
2025-01-17 00:00:00-05:00,SPY,586.9121689712896,589.2717368825727,585.5848557638515,587.521728515625,58070600
2025-01-21 00:00:00-05:00,SPY,590.5596519481012,592.9094384516549,588.5933154613438,592.8995971679688,42532900
2025-01-22 00:00:00-05:00,SPY,595.7212772630847,597.5893209036658,595.170705454465,596.2325439453125,48196000
2025-01-23 00:00:00-05:00,SPY,595.6032899728609,599.48681640625,595.3280340779654,599.48681640625,41152100
2025-01-24 00:00:00-05:00,SPY,599.54587252364,600.4995770008244,596.5865262707722,597.73681640625,34604700
2025-01-27 00:00:00-05:00,SPY,584.798310310645,589.5961762199101,584.6311885086425,589.2815551757812,70361100
2025-01-28 00:00:00-05:00,SPY,590.5104687195756,595.1805175844501,587.1971967465958,594.3448486328125,44433300
2025-01-29 00:00:00-05:00,SPY,593.5583671362218,593.9614997638901,589.1341095636221,591.6805419921875,37177400
2025-01-30 00:00:00-05:00,SPY,593.7943006280343,596.389819126707,590.6087851839717,594.8560791015625,39281300
2025-01-31 00:00:00-05:00,SPY,597.2746959271392,599.6933113603776,590.9332488823969,591.6903076171875,66566900
2025-02-03 00:00:00-05:00,SPY,582.6943020815504,590.1860392450765,580.5510025263411,587.70849609375,65857200
2025-02-04 00:00:00-05:00,SPY,587.7674745011321,592.1622076462813,587.2267439810199,591.6510009765625,33457800
2025-02-05 00:00:00-05:00,SPY,590.5302880913656,594.1974870575806,588.5049635673978,594.0499877929688,30653100
2025-02-06 00:00:00-05:00,SPY,595.7901006731433,596.2423796576439,592.4866698522919,596.1145629882812,35771500
2025-02-07 00:00:00-05:00,SPY,596.6750050236558,597.8941240756534,589.9501076619601,590.6580200195312,50788500
2025-02-10 00:00:00-05:00,SPY,593.8631053864565,595.3083338092902,592.5947800275039,594.6692504882812,26048700
2025-02-11 00:00:00-05:00,SPY,592.4080280097315,595.662312577201,592.2900526181724,595.12158203125,30056700
2025-02-12 00:00:00-05:00,SPY,589.1144530437037,594.3743794070193,588.4360645213627,593.2044067382812,45076100
2025-02-13 00:00:00-05:00,SPY,594.3055297285264,599.6736500230521,593.0471055616473,599.4671630859375,40921300
2025-02-14 00:00:00-05:00,SPY,599.6737559982794,600.7060708506282,598.8184042628043,599.4378051757812,26910400
2025-02-18 00:00:00-05:00,SPY,600.5978525430173,601.1975708007812,598.1399318067746,601.1975708007812,26749000
2025-02-19 00:00:00-05:00,SPY,599.8113366176324,602.908280775238,599.3000698962699,602.6133422851562,31011100
2025-02-20 00:00:00-05:00,SPY,601.2467110134413,601.3843689751305,596.8028311734677,600.1062622070312,36554000
2025-02-21 00:00:00-05:00,SPY,599.8899930676969,600.0276510429451,589.3799206723878,589.842041015625,76519800
2025-02-24 00:00:00-05:00,SPY,591.8870576091449,592.8800672914438,586.4501075695626,587.1580200195312,50737200
2025-02-25 00:00:00-05:00,SPY,587.0990297013516,587.8265647106925,579.6367551973434,584.2379760742188,58266500
2025-02-26 00:00:00-05:00,SPY,585.899394022331,589.4879818072211,581.8978924126887,584.5327758789062,43321600
2025-02-27 00:00:00-05:00,SPY,586.8040113591791,587.9543615454245,574.8094053796542,575.20263671875,74196700
2025-02-28 00:00:00-05:00,SPY,575.7040488167072,584.7098443771037,572.6365684069419,584.178955078125,88744100
2025-03-03 00:00:00-05:00,SPY,586.1453068357338,587.2858157400013,570.1393571070072,573.9442138671875,74249200
2025-03-04 00:00:00-05:00,SPY,569.9525173224438,575.5369060706639,562.6180601948478,567.1504516601562,109648200
2025-03-05 00:00:00-05:00,SPY,566.9832562516485,575.03540599116,563.4340335479696,573.2460327148438,71230500
2025-03-06 00:00:00-05:00,SPY,565.7937090893346,570.4047711019521,560.523941077153,563.0703735351562,80094900
2025-03-07 00:00:00-05:00,SPY,561.2907933786839,567.6715458955733,556.1094773560538,566.2262573242188,81158800
2025-03-10 00:00:00-04:00,SPY,558.0364891964213,559.9536192631458,546.2384702857362,551.1444702148438,99326600
2025-03-11 00:00:00-04:00,SPY,549.9844552948313,554.5266887361913,542.7286673284324,546.56298828125,88102100
2025-03-12 00:00:00-04:00,SPY,552.7076387923001,553.6318192815521,544.3703918307585,549.4631958007812,69588200
2025-03-13 00:00:00-04:00,SPY,549.0896792735167,549.6992388466521,540.4279685563406,542.138671875,74079400
2025-03-14 00:00:00-04:00,SPY,546.7496748611676,554.3397648685512,542.2074423986709,553.3369140625,62660300
2025-03-17 00:00:00-04:00,SPY,553.3172227764923,560.1207900872192,552.8846263579363,557.6038818359375,49008700
2025-03-18 00:00:00-04:00,SPY,555.2934937414076,555.5098219909205,549.6501167935029,551.5771484375,66041400
2025-03-19 00:00:00-04:00,SPY,553.3566169353411,561.3399385264869,552.1768030039566,557.584228515625,66556000
2025-03-20 00:00:00-04:00,SPY,553.848245552193,560.966374832501,553.1304918485869,555.9718627929688,62958200
2025-03-21 00:00:00-04:00,SPY,551.5205297947124,557.0526817242638,550.2878724028328,556.1552734375,83763000
2025-03-24 00:00:00-04:00,SPY,562.880651498493,567.1703352751009,562.2890000340255,566.1151733398438,58766800
2025-03-25 00:00:00-04:00,SPY,567.3181993393742,568.4127846067184,565.73055113845,567.4760131835938,38355700
2025-03-26 00:00:00-04:00,SPY,567.2097618801449,568.3339598573967,559.3207546377017,560.7013549804688,51848300
2025-03-27 00:00:00-04:00,SPY,559.3108077400744,562.9792269072261,557.1018956425098,559.2122192382812,42164200
2025-03-28 00:00:00-04:00,SPY,557.6838014665011,558.4135249923543,547.3689030262066,547.95068359375,71662700
2025-03-31 00:00:00-04:00,SPY,542.201546342058,552.9305994826874,539.282592409213,551.62890625,95328200
2025-04-01 00:00:00-04:00,SPY,549.7158288612504,555.1296497708261,545.998115405224,553.1869506835938,54609600
2025-04-02 00:00:00-04:00,SPY,547.3491017135567,559.547472787333,547.1124411566806,556.687744140625,76014500
2025-04-03 00:00:00-04:00,SPY,537.5470765410741,540.3673821784607,529.2537841796875,529.2537841796875,125986000
2025-04-04 00:00:00-04:00,SPY,516.4045547647906,518.574043873056,498.0527654446422,498.26971435546875,217965100
2025-04-07 00:00:00-04:00,SPY,482.40291724281104,515.9114550791749,475.115432610906,497.3821716308594,256611400
2025-04-08 00:00:00-04:00,SPY,514.6196468974629,517.6963548854247,482.3733480760591,489.591796875,165816600
2025-04-09 00:00:00-04:00,SPY,486.5939443539347,541.0083618164062,486.20934082523814,541.0083618164062,241867300
2025-04-10 00:00:00-04:00,SPY,524.7866027854379,526.0981670837639,502.25365007002944,517.3019409179688,162331200
2025-04-11 00:00:00-04:00,SPY,515.7537548286505,528.9875485351057,512.8545420601603,526.5321044921875,97866300
2025-04-14 00:00:00-04:00,SPY,536.5017912856171,536.7286411738348,526.453165817952,531.6401977539062,68034000
2025-04-15 00:00:00-04:00,SPY,532.1825399641931,535.6931457102869,529.3622343758641,530.151123046875,56892900
2025-04-16 00:00:00-04:00,SPY,524.3034408726064,530.4273047249436,513.0714517926509,518.366943359375,83484800
2025-04-17 00:00:00-04:00,SPY,520.3194821276195,523.800475242003,516.6411916080497,519.1065063476562,79868100
2025-04-21 00:00:00-04:00,SPY,513.9293312369678,514.4618777265953,501.4055507612705,506.7503662109375,69368100
2025-04-22 00:00:00-04:00,SPY,512.9235348557764,521.9564215250564,511.9867032226325,519.9348754882812,75948100
2025-04-23 00:00:00-04:00,SPY,532.9319549297188,537.8625838932508,526.4728430251603,527.991455078125,90590700
2025-04-24 00:00:00-04:00,SPY,529.2734571828396,539.8348871004667,528.0211182344198,539.1051635742188,64150400
2025-04-25 00:00:00-04:00,SPY,539.0657336001437,543.4046513367819,536.1467793425768,543.0003662109375,61119600
2025-04-28 00:00:00-04:00,SPY,543.7399439376,545.8699492792146,537.4583271221219,543.2073974609375,47613800
2025-04-29 00:00:00-04:00,SPY,541.2944189414077,547.7437217731817,540.9394280116835,546.62939453125,47775100
2025-04-30 00:00:00-04:00,SPY,539.9729835885655,548.7988227140515,534.0069337400583,546.8462524414062,93101500
2025-05-01 00:00:00-04:00,SPY,552.595342895286,556.2440206119321,550.1201573586014,550.7216796875,63186100
2025-05-02 00:00:00-04:00,SPY,556.894803218062,560.4941864598073,554.5774316657111,558.8966674804688,60717300
2025-05-05 00:00:00-04:00,SPY,554.7648117792631,558.7882219920989,553.9068871278389,555.6917724609375,38659200
2025-05-06 00:00:00-04:00,SPY,550.1892553966732,555.5340413030556,549.2327420958744,551.0471801757812,48264700
2025-05-07 00:00:00-04:00,SPY,552.3784371058738,555.9975022415719,548.3254139860352,553.3645629882812,55588000
2025-05-08 00:00:00-04:00,SPY,557.3978323656503,562.3974982446085,553.9069681077176,557.2203369140625,65130800
2025-05-09 00:00:00-04:00,SPY,558.6205173502777,559.6263849147109,554.9521583078488,556.51025390625,37603400
2025-05-12 00:00:00-04:00,SPY,573.4024978566466,574.9112991100649,569.0339681065926,574.9014282226562,78993600
2025-05-13 00:00:00-04:00,SPY,575.3155948085854,580.9069711222367,574.7535560992819,578.6980590820312,67947200
2025-05-14 00:00:00-04:00,SPY,579.6546629482465,580.8084133986617,577.4161378946785,579.437744140625,66283500
2025-05-15 00:00:00-04:00,SPY,577.4358426248243,582.770756919371,576.9822030720642,582.2678833007812,71268100
2025-05-16 00:00:00-04:00,SPY,583.0469103495059,586.2518193704545,581.1042713102905,585.9559936523438,76052100
2025-05-19 00:00:00-04:00,SPY,579.9405744991373,587.2773530559552,579.9405744991373,586.596923828125,68168500
2025-05-20 00:00:00-04:00,SPY,584.8614155899625,585.8080578995526,581.419785763877,584.6246948242188,60614500
2025-05-21 00:00:00-04:00,SPY,580.2759146876367,584.3584902721909,573.7477661832594,574.7733154296875,95197700
2025-05-22 00:00:00-04:00,SPY,574.5760959985981,578.4811762683786,573.3434386116112,575.0001831054688,70860400
2025-05-23 00:00:00-04:00,SPY,567.988738706783,573.7378691727489,567.6140060747297,571.0753173828125,76029000
2025-05-27 00:00:00-04:00,SPY,577.938827709351,583.1061179228353,570.4048112020747,582.9483642578125,72588500
2025-05-28 00:00:00-04:00,SPY,583.3526236048898,584.545857588394,578.8460211072919,579.5757446289062,68445500
2025-05-29 00:00:00-04:00,SPY,584.8317737253767,584.9698457847473,577.9387639052553,581.863525390625,69973300
2025-05-30 00:00:00-04:00,SPY,580.7591289651484,582.9286180198035,575.1480700909575,581.2127685546875,90601200
2025-06-02 00:00:00-04:00,SPY,579.6053591727813,584.5655410710423,576.9428072484826,584.4866943359375,61630500
2025-06-03 00:00:00-04:00,SPY,584.1218520308094,588.7960792462304,583.6385997733717,587.81982421875,63606200
2025-06-04 00:00:00-04:00,SPY,588.6777258495218,589.6539808386906,587.2280895107962,587.6619873046875,57314200
2025-06-05 00:00:00-04:00,SPY,589.3383724752952,590.6893600195378,582.8496477946317,584.8218994140625,92278700
2025-06-06 00:00:00-04:00,SPY,590.3541332655441,592.4940699072976,588.5791185976601,590.8275146484375,66588700
2025-06-09 00:00:00-04:00,SPY,591.3993476813894,592.9081490758875,590.1864321834666,591.3599243164062,53016400
2025-06-10 00:00:00-04:00,SPY,591.8924637491524,595.0973729509094,590.7781968461302,594.7128295898438,66247000
2025-06-11 00:00:00-04:00,SPY,595.8073544523882,596.6652790904382,590.9556323288738,593.0166015625,73658200
2025-06-12 00:00:00-04:00,SPY,591.6854337777163,595.37353515625,591.2022416981604,595.37353515625,64129000
2025-06-13 00:00:00-04:00,SPY,590.1962907494013,593.4997881009825,587.2181715759101,588.7171020507812,89506000
2025-06-16 00:00:00-04:00,SPY,592.0700235861916,596.0638215052488,591.8924679557008,594.318359375,79984100
2025-06-17 00:00:00-04:00,SPY,591.8825558713082,593.4011678528512,588.480410008809,589.23974609375,82209400
2025-06-18 00:00:00-04:00,SPY,590.1371267775953,592.8785252065284,588.1944276516227,589.1510009765625,76605000
2025-06-20 00:00:00-04:00,SPY,591.8224395288368,592.8906208578056,586.3629131433069,587.7673950195312,94051400
2025-06-23 00:00:00-04:00,SPY,588.5189525073708,593.9586781700418,585.403509483969,593.572998046875,87426000
2025-06-24 00:00:00-04:00,SPY,597.7072691809916,601.1886530620405,596.7973078378046,600.1304321289062,67735300
2025-06-25 00:00:00-04:00,SPY,601.2479344884113,601.9402753154866,598.9039119654944,600.4666137695312,62114800
2025-06-26 00:00:00-04:00,SPY,602.3161684365299,605.5997923429508,601.7029677445283,605.1646118164062,78548400
2025-06-27 00:00:00-04:00,SPY,606.1636033457827,609.6351477759472,604.1360808658505,608.1713256835938,86258400
2025-06-30 00:00:00-04:00,SPY,610.6142201701539,612.4340220516922,608.2998373553096,611.0790405273438,92502500
2025-07-01 00:00:00-04:00,SPY,609.6053849111585,612.0483479268365,608.7746241554748,610.8812866210938,70030100
2025-07-02 00:00:00-04:00,SPY,610.4757300098587,613.6901136433279,609.8526292762224,613.6505737304688,66510400
2025-07-03 00:00:00-04:00,SPY,615.628656191773,619.4167005776212,615.6088560521965,618.4869995117188,51065800
2025-07-07 00:00:00-04:00,SPY,616.5286747873084,617.1913758193931,611.0988485499288,613.8780517578125,74814500
2025-07-08 00:00:00-04:00,SPY,614.5406899285775,615.2923708557059,612.7307881009865,613.5418090820312,59024600
2025-07-09 00:00:00-04:00,SPY,615.945166968477,617.8737488887257,614.1055045789822,617.2210083007812,66113300
2025-07-10 00:00:00-04:00,SPY,617.3594891460615,620.0002120765442,616.1825277796053,618.9617309570312,57529000
2025-07-11 00:00:00-04:00,SPY,615.9154666088177,618.0122289852302,614.7187654701638,616.7858276367188,63670200
2025-07-14 00:00:00-04:00,SPY,616.3308265898004,618.3089087938923,614.9857451789246,617.9627685546875,51898500
2025-07-15 00:00:00-04:00,SPY,620.6431287961128,620.9793689858044,615.242942324076,615.3220825195312,74317300
2025-07-16 00:00:00-04:00,SPY,616.9044910111767,617.8836320494379,611.276844692317,617.3792114257812,88987500
2025-07-17 00:00:00-04:00,SPY,617.5573456006476,621.5135103761386,617.3397251475282,621.1574096679688,68885700
2025-07-18 00:00:00-04:00,SPY,622.4035753929759,622.5716954836944,619.5947323692288,620.7024536132812,65621600
2025-07-21 00:00:00-04:00,SPY,621.87939453125,624.6189973413707,621.4541141003111,621.87939453125,63375000
2025-07-22 00:00:00-04:00,SPY,622.2056829406386,622.8287836139476,619.3276001270991,621.9683227539062,60046300
2025-07-23 00:00:00-04:00,SPY,624.6289433239532,627.2598266601562,622.8288811376781,627.2598266601562,70511000
2025-07-24 00:00:00-04:00,SPY,627.6454884244192,629.1785504969665,627.0421878119985,627.4674682617188,71307100
2025-07-25 00:00:00-04:00,SPY,628.1301809903662,630.5928838363332,627.8829206987424,630.1181030273438,56865400
2025-07-28 00:00:00-04:00,SPY,630.4938993278172,631.0477599275997,628.5751571845921,629.9598388671875,54917100
2025-07-29 00:00:00-04:00,SPY,631.3543820995848,631.6708825055948,627.3883778702398,628.2982788085938,60556300
2025-07-30 00:00:00-04:00,SPY,628.9510415464463,630.6917636576716,624.6190364089183,627.507080078125,80418900
2025-07-31 00:00:00-04:00,SPY,632.4522656090571,632.8379457731452,623.8574957354674,625.1531372070312,103385200
2025-08-01 00:00:00-04:00,SPY,619.4364414435403,619.476041722763,612.5032535330552,614.9066162109375,140103600
2025-08-04 00:00:00-04:00,SPY,618.813325728958,624.3024917393647,618.7243458354196,624.2530517578125,73218000
2025-08-05 00:00:00-04:00,SPY,624.8662177521945,625.6772386500149,620.168272806011,621.0880737304688,68051400
2025-08-06 00:00:00-04:00,SPY,622.1563552914652,626.4982606508958,621.2464542892866,625.8455200195312,64357500
2025-08-07 00:00:00-04:00,SPY,629.2675537310744,629.9994345491891,622.2156852544556,625.3212890625,74205800
2025-08-08 00:00:00-04:00,SPY,627.1114619051468,630.6621463802445,626.794961476664,630.197265625,64051600
2025-08-11 00:00:00-04:00,SPY,630.474150672182,631.9478122276477,627.7047873460086,628.9509887695312,58742300
2025-08-12 00:00:00-04:00,SPY,631.2950454377703,635.8050706066525,629.8114837326607,635.6468505859375,64730800
2025-08-13 00:00:00-04:00,SPY,637.8424936799373,639.10849531226,635.6369512596368,637.82275390625,60092800
2025-08-14 00:00:00-04:00,SPY,635.7457782923831,638.5447818220973,635.300758040457,637.8821411132812,59327500
2025-08-15 00:00:00-04:00,SPY,638.9107148606824,639.0096552004113,635.4787708739423,636.388671875,68592500
2025-08-18 00:00:00-04:00,SPY,635.814941575414,636.942462907598,635.1424008771667,636.2501220703125,43804900
2025-08-19 00:00:00-04:00,SPY,636.0721245937336,637.0512656505922,631.4829592777961,632.7984008789062,69750700
2025-08-20 00:00:00-04:00,SPY,632.3929672116759,632.6500672159099,626.0136394005863,631.1170654296875,88890300
2025-08-21 00:00:00-04:00,SPY,629.3071240874224,630.9785456585483,626.864161086776,628.5850830078125,54805800
2025-08-22 00:00:00-04:00,SPY,630.7708500494616,639.4150594466402,630.2664294390896,638.2380981445312,84083200
2025-08-25 00:00:00-04:00,SPY,636.9820009718095,638.2183023325629,635.3105191174199,635.42919921875,51274300
2025-08-26 00:00:00-04:00,SPY,635.1622594491828,638.4359833484747,634.5391586749303,638.0897827148438,51581600
2025-08-27 00:00:00-04:00,SPY,637.5062179210042,640.2755208793137,637.3578376120881,639.5436401367188,48341100
2025-08-28 00:00:00-04:00,SPY,640.1470117905141,642.362454403162,638.2678697444891,641.80859375,61519500
2025-08-29 00:00:00-04:00,SPY,640.374419619015,640.7404203673219,636.0919150690585,637.98095703125,74522200
2025-09-02 00:00:00-04:00,SPY,630.5136938017484,633.4709169972102,627.9619508913343,633.2533569335938,81983500
2025-09-03 00:00:00-04:00,SPY,635.6270215222661,637.1501834379544,633.4412793439511,636.685302734375,70820900
2025-09-04 00:00:00-04:00,SPY,637.3579030521721,642.0361089027498,636.4579021356687,642.0064086914062,65219200
2025-09-05 00:00:00-04:00,SPY,644.3404359625918,645.062476969223,636.2797877246134,640.1469116210938,85178900
2025-09-08 00:00:00-04:00,SPY,641.5118841129237,642.7185457406785,640.1371023874503,641.7196044921875,63133100
2025-09-09 00:00:00-04:00,SPY,641.8579832056892,643.7272854003053,640.1271612550325,643.203125,66133900
2025-09-10 00:00:00-04:00,SPY,646.4570825189741,647.3768835600082,643.4998590892842,645.0625610351562,78034500
2025-09-11 00:00:00-04:00,SPY,647.0108918753651,651.115436538164,646.4273914384058,650.423095703125,69934400
2025-09-12 00:00:00-04:00,SPY,650.393364548417,651.8868261792371,649.7010841125947,650.2054443359375,72780100
2025-09-15 00:00:00-04:00,SPY,652.4110731340584,653.7956944276398,652.114372883025,653.6671142578125,63772400
2025-09-16 00:00:00-04:00,SPY,654.2210123755038,654.5276730798186,651.9858301119879,652.7671508789062,61169000
2025-09-17 00:00:00-04:00,SPY,652.7770978636573,654.4683196962441,647.1296508296768,651.9561767578125,101952200
2025-09-18 00:00:00-04:00,SPY,654.6364399867887,657.603563340362,653.0341982051615,655.0023803710938,90459200
2025-09-19 00:00:00-04:00,SPY,656.8877828567474,659.0895125014193,654.9438659954435,658.2465209960938,97945600
2025-09-22 00:00:00-04:00,SPY,656.7588899327194,661.8070328507519,656.7291073786307,661.3607788085938,69452200
2025-09-23 00:00:00-04:00,SPY,661.2417286303936,661.8566899635472,656.540685502851,657.7606201171875,81708900
2025-09-24 00:00:00-04:00,SPY,659.0498612769777,659.1490153831234,654.2496039734066,655.6678466796875,68082200
2025-09-25 00:00:00-04:00,SPY,652.5338627083877,653.9917550046746,649.0328388399253,652.6429443359375,89622100
2025-09-26 00:00:00-04:00,SPY,654.0910020825955,656.9274877414105,652.4743904900326,656.3820190429688,69179200
2025-09-29 00:00:00-04:00,SPY,658.9010899003678,659.8135740530697,656.4216318338509,658.2266845703125,73499000
2025-09-30 00:00:00-04:00,SPY,657.4828203674869,661.1722852976668,656.173659297658,660.7061157226562,86288000
2025-10-01 00:00:00-04:00,SPY,657.7208144097488,663.8698820443607,657.6117327913598,662.9574584960938,72545400
2025-10-02 00:00:00-04:00,SPY,664.9410037342527,665.0600128657511,661.3011766397112,663.7210693359375,56896000
2025-10-03 00:00:00-04:00,SPY,664.4848020775174,667.1527012490268,662.6698219114437,663.7112426757812,70494400
2025-10-06 00:00:00-04:00,SPY,666.1014192164715,666.9841207809839,663.9591941673339,666.0914916992188,54623300
2025-10-07 00:00:00-04:00,SPY,667.0138297258598,667.4601442579947,662.1838505424819,663.6219482421875,72020100
2025-10-08 00:00:00-04:00,SPY,664.7426772273783,667.6783772359653,663.919480237528,667.5791625976562,60702200
2025-10-09 00:00:00-04:00,SPY,667.9957845708525,668.4023890582872,663.7112737749407,665.6452026367188,66501900
2025-10-10 00:00:00-04:00,SPY,666.6071968358344,668.4122493878771,647.4757221413303,647.6542358398438,159422600
2025-10-13 00:00:00-04:00,SPY,655.2216030747315,659.664772492732,654.3488290056752,657.5919189453125,79560500
2025-10-14 00:00:00-04:00,SPY,651.7701536094826,660.3590300864076,647.8030207789583,656.78857421875,88779600
2025-10-15 00:00:00-04:00,SPY,661.3408732132422,664.7228272522149,653.5156893256119,659.7044067382812,81702600
2025-10-16 00:00:00-04:00,SPY,661.340821247798,663.2153058553965,651.7105854492366,655.2116088867188,110563300
2025-10-17 00:00:00-04:00,SPY,654.0810128478913,660.2895852935891,652.7322022395391,658.9308471679688,96500900
2025-10-20 00:00:00-04:00,SPY,661.8367798071084,666.6866142382812,661.7872027532737,665.7840576171875,60493400
2025-10-21 00:00:00-04:00,SPY,665.9229005771253,667.4601523988813,664.4748753427003,665.7741088867188,56249000
2025-10-22 00:00:00-04:00,SPY,666.4783066993808,666.4783066993808,657.8497808005621,662.3128051757812,80564000
2025-10-23 00:00:00-04:00,SPY,662.6301900162397,667.1825015615415,662.3128121266341,666.2402954101562,65604500
2025-10-24 00:00:00-04:00,SPY,670.9016937183009,672.8951271271609,670.0983517375236,671.6851806640625,74356500
2025-10-27 00:00:00-04:00,SPY,677.1201116013259,679.9070199177999,676.5151383891614,679.6094970703125,63339800
2025-10-28 00:00:00-04:00,SPY,681.4046232640447,683.2493254549719,679.2028936555786,681.41455078125,61738100
2025-10-29 00:00:00-04:00,SPY,683.0609104229828,684.0328991417463,677.2590027977353,681.7418823242188,85657100
2025-10-30 00:00:00-04:00,SPY,678.2805836148408,680.3037996369978,674.2440185546875,674.2440185546875,76335800
2025-10-31 00:00:00-04:00,SPY,679.4110606194914,679.4507706842933,673.65873085131,676.45556640625,87164100
2025-11-03 00:00:00-05:00,SPY,680.0359699637585,680.1649066224819,674.3530715971103,677.7251586914062,57315000
2025-11-04 00:00:00-05:00,SPY,670.5545580097922,674.3729598389511,669.0371611161902,669.6917114257812,78427000
2025-11-05 00:00:00-05:00,SPY,669.4337786331213,675.2654684624238,668.6304366940664,672.012451171875,74402400
2025-11-06 00:00:00-05:00,SPY,670.9115428502156,671.8140994484131,663.2252231578799,664.8021850585938,85035300
2025-11-07 00:00:00-05:00,SPY,662.4218719882706,665.5658682287408,655.7769731606511,665.4567260742188,100592400
2025-11-10 00:00:00-05:00,SPY,671.6751969912248,676.5746080726943,669.4833950163819,675.8406982421875,75842900
2025-11-11 00:00:00-05:00,SPY,674.3629519753922,677.9532020666294,673.1529450781785,677.3878784179688,58953400
2025-11-12 00:00:00-05:00,SPY,679.1632192686196,679.3318660026857,675.3548055474994,677.7648315429688,62312500
2025-11-13 00:00:00-05:00,SPY,674.9085136071693,675.265541055433,665.0105359672095,666.5180053710938,103457800
2025-11-14 00:00:00-05:00,SPY,659.9127066954921,670.1082064558575,657.8200586834998,666.4088745117188,96846700
2025-11-17 00:00:00-05:00,SPY,664.1972328051172,668.1742931923078,656.7290761218832,660.2003173828125,90456100
2025-11-18 00:00:00-05:00,SPY,656.6596108350068,659.6548153709225,650.4708935566339,654.65625,114467500
2025-11-19 00:00:00-05:00,SPY,655.3505280387882,661.856623370592,653.3371790986623,657.185302734375,94703000
2025-11-20 00:00:00-05:00,SPY,667.3808213360044,670.0090710879778,646.5335791707308,647.1683349609375,165293500
2025-11-21 00:00:00-05:00,SPY,649.667590792559,659.0895314498267,645.5020891320908,653.6149291992188,123956200
2025-11-24 00:00:00-05:00,SPY,657.2447591605586,664.5541959227929,656.1538219404428,663.235107421875,80437900
2025-11-25 00:00:00-05:00,SPY,663.1360016067486,670.6537351639657,659.0200771396823,669.4735107421875,81077100
2025-11-26 00:00:00-05:00,SPY,672.0620713400136,676.0986363282427,671.1595147067713,674.09521484375,71879600
2025-11-28 00:00:00-05:00,SPY,675.2654787466182,678.0523870500939,674.9084513312986,677.7747192382812,49212000
2025-12-01 00:00:00-05:00,SPY,673.232272756968,677.3779187836101,673.1628406770591,674.6802978515625,61201200
2025-12-02 00:00:00-05:00,SPY,676.316803165018,678.2012155152329,673.7481184984898,675.9300537109375,62953800
2025-12-03 00:00:00-05:00,SPY,674.9779023816353,679.2822075879724,674.105128319461,678.2706298828125,57238500
2025-12-04 00:00:00-05:00,SPY,679.6689755171525,679.7384076011712,675.7415530139849,678.7664794921875,61970300
2025-12-05 00:00:00-05:00,SPY,679.8375623637357,682.7336127271673,678.9549213715281,680.0557861328125,79241000
2025-12-08 00:00:00-05:00,SPY,680.9484564225444,680.9980334759979,675.9696853695019,678.0127563476562,55231500
2025-12-09 00:00:00-05:00,SPY,677.5366934232544,679.7582780276033,676.9812972721672,677.4275512695312,58310100
2025-12-10 00:00:00-05:00,SPY,676.9515664343469,683.3088703732143,675.711837383319,681.92041015625,85671300
2025-12-11 00:00:00-05:00,SPY,679.51034738166,683.5865617528303,676.5647198382891,683.5072021484375,86173700
2025-12-12 00:00:00-05:00,SPY,682.5154459360199,683.2196338188487,673.5893968987631,676.1581420898438,113160300
2025-12-15 00:00:00-05:00,SPY,680.1053789946951,680.1252340287925,673.6687159286942,675.1365356445312,90811000
2025-12-16 00:00:00-05:00,SPY,673.6488975485244,675.4837328267965,669.4338188610296,673.2918701171875,122030600
2025-12-17 00:00:00-05:00,SPY,674.3034691132465,674.8489377460819,665.6848710067972,665.8832397460938,110625200
2025-12-18 00:00:00-05:00,SPY,672.0322187932205,675.1464323222394,669.3544527925658,670.9114990234375,108650100
2025-12-19 00:00:00-05:00,SPY,673.0134542661981,677.4896664833268,672.8940327515619,676.9923095703125,103599500
2025-12-22 00:00:00-05:00,SPY,680.3245900087294,681.7370666700199,676.9923229108747,681.2098999023438,69556700
2025-12-23 00:00:00-05:00,SPY,680.3046207584179,684.562024812114,680.2548972126992,684.3233032226562,64840000
2025-12-24 00:00:00-05:00,SPY,684.313382495532,687.1781631452748,684.164151137988,686.7305297851562,39445600
2025-12-26 00:00:00-05:00,SPY,686.989161229118,688.0037280321676,685.6264081645946,686.660888671875,41613300
2025-12-29 00:00:00-05:00,SPY,683.9055083361335,685.5567672531378,682.4433081832867,684.2138671875,62559500
2025-12-30 00:00:00-05:00,SPY,683.8160334465714,684.9201512250444,682.9506372729019,683.3783569335938,47160700
2025-12-31 00:00:00-05:00,SPY,683.5076844111845,683.726492314561,678.1063955310838,678.3152465820312,74144800
2026-01-02 00:00:00-05:00,SPY,682.0852055985325,683.2390468658663,676.2263268834449,679.55859375,89377200
2026-01-05 00:00:00-05:00,SPY,682.910778712987,685.7855161168121,682.7516512212146,684.0845336914062,71927200
2026-01-06 00:00:00-05:00,SPY,684.2934596862484,688.6602678554459,684.1442890432024,688.1529541015625,69273800
2026-01-07 00:00:00-05:00,SPY,688.5309418430683,690.2916046822218,685.6761181181482,685.9347534179688,75588300
2026-01-08 00:00:00-05:00,SPY,685.1787573638412,686.9692300361542,683.8557710289468,685.8651123046875,64019200
2026-01-09 00:00:00-05:00,SPY,686.9791831428475,691.6344363504869,685.5368360184962,690.4010009765625,80125500
2026-01-12 00:00:00-05:00,SPY,687.0289310253164,692.410366767912,686.979207477028,691.4852294921875,63976000
2026-01-13 00:00:00-05:00,SPY,691.813478661017,692.4103433578374,687.6953490317495,690.1026000976562,78309700
2026-01-14 00:00:00-05:00,SPY,687.3472637531122,688.0634285762314,682.4134612479594,686.7106323242188,94676700
2026-01-15 00:00:00-05:00,SPY,690.8983886882239,691.7737417111902,687.5959315038539,688.5806884765625,77862000
2026-01-16 00:00:00-05:00,SPY,689.9931507530615,690.5800586110835,686.4519720383781,688.0037231445312,79289200
2026-01-20 00:00:00-05:00,SPY,677.8874730475171,681.1501633341576,672.9934983300664,673.9981689453125,111623300
2026-01-21 00:00:00-05:00,SPY,676.0572511802958,685.0991655259935,674.5452667925615,681.77685546875,127844500
2026-01-22 00:00:00-05:00,SPY,686.2033478813381,687.476610793547,683.2888434897402,685.3379516601562,77112200
2026-01-23 00:00:00-05:00,SPY,684.5123006998919,687.3074439470811,683.5274830754288,685.5865478515625,63059600
2026-01-26 00:00:00-05:00,SPY,686.8399050563427,690.4606777697717,686.272910918868,689.0680541992188,60473800
2026-01-27 00:00:00-05:00,SPY,690.5104039402848,692.8480177488461,689.9036431059924,691.8134765625,55506100
2026-01-28 00:00:00-05:00,SPY,693.3652237572153,694.1510864943795,690.271678492269,691.7438354492188,61172200
2026-01-29 00:00:00-05:00,SPY,692.7087686795362,693.375209936545,681.2098793986574,690.3711547851562,97486200
2026-01-30 00:00:00-05:00,SPY,688.1330315570439,690.5402826440542,683.487735152998,688.3120727539062,101835100
2026-02-02 00:00:00-05:00,SPY,685.9348095869553,693.2459322689688,685.7756213682558,691.7339477539062,79286500
2026-02-03 00:00:00-05:00,SPY,692.529690413304,693.2757257351432,680.4140840721383,685.885009765625,107904600
2026-02-04 00:00:00-05:00,SPY,686.7006659106327,687.7948875474046,678.1561081391175,682.5626831054688,105204600
2026-02-05 00:00:00-05:00,SPY,677.3404209861714,680.0758839506523,672.2176206040476,674.0379638671875,113610800
2026-02-06 00:00:00-05:00,SPY,677.8576866055596,688.6503070282812,677.2508650473027,686.96923828125,89127600
2026-02-09 00:00:00-05:00,SPY,685.7755944360715,692.1915108078678,684.7013472083629,690.2816772460938,73885200
2026-02-10 00:00:00-05:00,SPY,691.276360737094,692.8579216647231,688.0037135108784,688.4613037109375,65185700
2026-02-11 00:00:00-05:00,SPY,692.7087599208829,693.4547952732178,685.5368515439336,688.3021850585938,76353900
2026-02-12 00:00:00-05:00,SPY,690.5701102294341,691.6742279947084,676.7734344520502,677.668701171875,118829000
2026-02-13 00:00:00-05:00,SPY,678.0864377658819,682.6522007204912,673.9384983110481,678.1461181640625,96267500
2026-02-17 00:00:00-05:00,SPY,676.5446598627462,681.31927396984,672.2077222570326,679.2402954101562,81354700
2026-02-18 00:00:00-05:00,SPY,680.4041503420104,685.507036973797,679.2204384959671,682.662109375,73570300
2026-02-19 00:00:00-05:00,SPY,680.225062656192,682.5526587813481,677.9471293624403,680.8616333007812,58649400
2026-02-20 00:00:00-05:00,SPY,678.7131823752115,686.4122580979458,678.126274472082,685.7855834960938,100034000
2026-02-23 00:00:00-05:00,SPY,684.1940214696967,686.3525334522094,676.7734345413753,678.7827758789062,90558100
2026-02-24 00:00:00-05:00,SPY,678.295350173768,684.7112054782021,676.4053697086953,683.7164916992188,73798700
2026-02-25 00:00:00-05:00,SPY,686.53156929616,690.0130676270821,686.4519751919497,689.4859008789062,56369500
2026-02-26 00:00:00-05:00,SPY,689.615191050754,689.6350440416309,680.7323436648176,685.6561889648438,71671000
2026-02-27 00:00:00-05:00,SPY,679.4790749097389,683.2291046432514,678.0367277603054,682.3637084960938,83308900
2026-03-02 00:00:00-05:00,SPY,675.1123137702438,684.9798583327654,674.4359156260907,682.751708984375,87477200
2026-03-03 00:00:00-05:00,SPY,671.4915420947397,679.0016196644848,666.1200629162043,676.7337036132812,105003100
2026-03-04 00:00:00-05:00,SPY,678.026741603972,683.4579005621853,676.0273572426378,681.5082397460938,79182200
2026-03-05 00:00:00-05:00,SPY,678.474445192334,681.9062201445739,672.0386149612469,677.70849609375,106606500
2026-03-06 00:00:00-05:00,SPY,669.8502072585248,672.5359467168151,666.2195382406165,668.82568359375,100687000
2026-03-09 00:00:00-04:00,SPY,662.8673651303956,676.3258117079225,658.888509802078,674.6845703125,102667700
2026-03-10 00:00:00-04:00,SPY,674.1374043547928,679.7476047325034,671.1930903760745,673.6002807617188,81505300
2026-03-11 00:00:00-04:00,SPY,673.9982140650914,676.4849986405864,669.7806371390539,672.7548217773438,68441700
2026-03-12 00:00:00-04:00,SPY,667.6120785283837,668.0995392824933,662.3500644519811,662.5390625,108882200
2026-03-13 00:00:00-04:00,SPY,665.7321452917186,668.7859240392634,657.863924887251,658.7890014648438,97200200
2026-03-16 00:00:00-04:00,SPY,664.8468199428278,668.5173163233716,663.5934708305671,665.493408203125,82023100
2026-03-17 00:00:00-04:00,SPY,668.8355969918504,670.8747480492216,666.1598145596139,667.2440185546875,87128000
2026-03-18 00:00:00-04:00,SPY,664.8268919718373,666.1796881508768,657.6948111200146,657.9335327148438,82062600
2026-03-19 00:00:00-04:00,SPY,653.4971375917409,659.4753776238247,651.7066647804095,656.3121948242188,111272500
2026-03-20 00:00:00-04:00,SPY,654.8230422006715,655.0025723674255,643.063298812559,646.9034423828125,163617500
2026-03-23 00:00:00-04:00,SPY,656.3790129905765,660.9173090129275,652.2596206790361,653.6959228515625,134802700
2026-03-24 00:00:00-04:00,SPY,649.6463809650626,655.3417305137531,648.2100787416998,651.5015869140625,96457500
2026-03-25 00:00:00-04:00,SPY,656.9774239230809,659.1917509309695,652.5588148295345,655.1322021484375,90653800
2026-03-26 00:00:00-04:00,SPY,650.3844333840033,653.1672421520028,643.1630473705688,643.432373046875,96494400
2026-03-27 00:00:00-04:00,SPY,640.8489947137006,641.0085567819559,631.4831091918358,632.4606323242188,103649400
2026-03-30 00:00:00-04:00,SPY,638.4651675144013,638.7245091624994,627.6630399662237,630.3460693359375,99275900
2026-03-31 00:00:00-04:00,SPY,637.2981538716512,649.865752001465,636.3405988140365,648.6688842773438,152534100
2026-04-01 00:00:00-04:00,SPY,652.219751792706,656.8278752918841,651.3220400966815,653.5562744140625,97841500
2026-04-02 00:00:00-04:00,SPY,644.7589215344626,656.5086804928782,643.4522901873171,654.144775390625,68358700
2026-04-06 00:00:00-04:00,SPY,654.1746977251443,658.0247645183308,653.8356054757206,657.23681640625,39105800
2026-04-07 00:00:00-04:00,SPY,654.9626585699763,657.9150134208243,649.386996170508,657.5260009765625,69980400
2026-04-08 00:00:00-04:00,SPY,674.6519776493207,675.3402070755335,669.734652974974,674.27294921875,93606100
2026-04-09 00:00:00-04:00,SPY,673.1059235004034,679.4096297331154,672.0386657215836,678.162841796875,57134400
2026-04-10 00:00:00-04:00,SPY,679.5692561407437,680.2774536083281,676.7066358948267,677.7140502929688,42253500
2026-04-13 00:00:00-04:00,SPY,675.669302461078,684.536473353906,674.8414790590384,684.3369750976562,54185800
2026-04-14 00:00:00-04:00,SPY,685.9229138241225,692.7952238870419,685.8929616905456,692.675537109375,63480500
2026-04-15 00:00:00-04:00,SPY,693.4734516118131,698.480571570673,692.4161778504387,698.1414184570312,58240400
2026-04-16 00:00:00-04:00,SPY,699.2585607342904,700.9741726960574,696.7350934539525,699.8569946289062,49972400
2026-04-17 00:00:00-04:00,SPY,704.3255249385737,710.5594650064761,703.9464965121796,708.3152465820312,70661900
2026-04-20 00:00:00-04:00,SPY,706.9587079747221,708.0857482546458,704.3254772575062,706.8988037109375,43546800
2026-04-21 00:00:00-04:00,SPY,708.4548936431559,709.4523240430285,700.8345107773317,702.2708129882812,58941400
2026-04-22 00:00:00-04:00,SPY,707.3278031045794,709.6218808832724,706.4001392457644,709.3825073242188,42518500
2026-04-23 00:00:00-04:00,SPY,707.6768673789517,710.5295037064266,700.4754491270062,706.6295776367188,56174000
2026-04-24 00:00:00-04:00,SPY,708.9236633096505,712.6340752101273,707.1881441382454,712.10546875,45182000
2026-04-27 00:00:00-04:00,SPY,711.3374146094498,713.7911152864904,710.4696550399041,713.332275390625,33135900
2026-04-28 00:00:00-04:00,SPY,709.9908768700561,711.0481506026886,707.4274735730012,709.8612060546875,43117400
2026-04-29 00:00:00-04:00,SPY,709.1729992133655,710.3699278433978,706.5497524472755,709.7515258789062,41859200
2026-04-30 00:00:00-04:00,SPY,712.7936806635566,717.9403946619685,708.6244289610544,716.8132934570312,67240900
2026-05-01 00:00:00-04:00,SPY,719.3966516418469,723.0073446973263,718.6186267345964,718.7982177734375,43049800
2026-05-04 00:00:00-04:00,SPY,718.2196821209096,720.2644021704073,713.152718877996,716.1649780273438,51950600
2026-05-05 00:00:00-04:00,SPY,719.9153564929043,723.1769124909786,719.6360467603954,721.9102172851562,36933200
2026-05-06 00:00:00-04:00,SPY,726.288861980811,732.7023927493656,725.9497697512824,731.9443359375,53288900
2026-05-07 00:00:00-04:00,SPY,733.161188473549,734.238430329629,727.8748196364371,729.7001342773438,51724600
2026-05-08 00:00:00-04:00,SPY,733.0415191543954,736.1834492768152,732.6824588199246,735.724609375,47227100
2026-05-11 00:00:00-04:00,SPY,734.5576163199453,738.8864300819614,734.5576163199453,737.4002685546875,44024000
2026-05-12 00:00:00-04:00,SPY,734.9964788307154,736.9414802248905,729.9494836014034,736.2831420898438,54185300
2026-05-13 00:00:00-04:00,SPY,736.5723674930287,741.9983910774667,733.5800764180441,740.4025268554688,44200200
2026-05-14 00:00:00-04:00,SPY,741.7391534739264,747.6040491923611,741.649357949993,746.2474975585938,45307600
2026-05-15 00:00:00-04:00,SPY,739.8838927249178,741.5496453663399,736.0637780312098,737.2706298828125,60410800
2026-05-18 00:00:00-04:00,SPY,737.9289136337939,739.5147938000424,731.5054597381557,736.751953125,47843900
2026-05-19 00:00:00-04:00,SPY,732.8919551385734,735.7545755811656,729.650306265128,731.8446044921875,54255900
2026-05-20 00:00:00-04:00,SPY,733.8195334397973,739.9636778498481,732.0042028263388,739.3452758789062,45768000
2026-05-21 00:00:00-04:00,SPY,736.7419902854853,742.9559620700644,735.1361419849363,740.8114624023438,43332200
2026-05-22 00:00:00-04:00,SPY,744.3224328967863,747.015507083493,742.566945697205,743.7239990234375,41762000
2026-05-26 00:00:00-04:00,SPY,748.0827892360243,750.1973368284331,746.4469887578754,748.6613159179688,41123600
2026-05-27 00:00:00-04:00,SPY,748.9505199197505,749.4492351039673,746.2973210478585,748.5316162109375,42106300
2026-05-28 00:00:00-04:00,SPY,748.3221518516883,753.2095851254732,747.3047533704411,752.6609497070312,41562600
2026-05-29 00:00:00-04:00,SPY,753.9576670103595,756.1320579864754,752.7507543048832,754.5361328125,55075700
2026-06-01 00:00:00-04:00,SPY,753.4189990020213,758.3264003155792,752.7507376917755,756.5908203125,43634900
2026-06-02 00:00:00-04:00,SPY,755.0847737682097,758.4461093852723,754.805464031348,757.6182250976562,31581900
2026-06-03 00:00:00-04:00,SPY,756.2018667594974,756.8501599793441,751.6336185743088,752.3018798828125,51402500
2026-06-04 00:00:00-04:00,SPY,750.1673635570705,756.3614281257201,749.5389775481502,755.1445922851562,49923000
2026-06-05 00:00:00-04:00,SPY,750.3768677170906,750.8855669656407,733.6400171295905,735.65478515625,93989400
2026-06-08 00:00:00-04:00,SPY,741.4498108327123,743.4247643242134,736.2931129658897,737.3204345703125,49319100
2026-06-09 00:00:00-04:00,SPY,741.7191759970133,744.9807928982774,720.7332622187009,735.1560668945312,87683500
2026-06-10 00:00:00-04:00,SPY,731.5054857614351,736.4826536495077,723.4661992814284,723.56591796875,60341300
2026-06-11 00:00:00-04:00,SPY,726.8873842592473,738.0984921563339,722.5485255148498,735.8642578125,86330500
2026-06-12 00:00:00-04:00,SPY,738.8066884479139,742.5270843334097,733.1412911200548,739.843994140625,57079500
2026-06-15 00:00:00-04:00,SPY,749.9179969688896,754.7356026867302,749.8282623277308,752.890380859375,60176400
2026-06-16 00:00:00-04:00,SPY,752.6111046530555,753.4988323298886,747.9531216783239,748.4019775390625,67093100
2026-06-17 00:00:00-04:00,SPY,749.3594421826946,750.217278570044,737.3204502885575,739.0560302734375,85945200
2026-06-18 00:00:00-04:00,SPY,747.760009765625,748.22998046875,743.8599853515625,746.739990234375,80875700
2026-06-22 00:00:00-04:00,SPY,747.7000122070312,750.1799926757812,743.1300048828125,744.3900146484375,46628100
2026-06-23 00:00:00-04:00,SPY,733.8099975585938,739.6300048828125,732.2999877929688,733.5800170898438,66846800
2026-06-24 00:00:00-04:00,SPY,735.1699829101562,739.9500122070312,730.8400268554688,733.239990234375,57439500
2026-06-25 00:00:00-04:00,SPY,738.9099731445312,739.3699951171875,729.5999755859375,734.2999877929688,53934400
2026-06-26 00:00:00-04:00,SPY,728.9500122070312,736.530029296875,716.5800170898438,728.989990234375,71034000
2026-06-29 00:00:00-04:00,SPY,736.530029296875,741.5599975585938,732.0900268554688,741.0,58035200
2026-06-30 00:00:00-04:00,SPY,741.2899780273438,748.02001953125,740.8900146484375,746.77001953125,55626000
2026-07-01 00:00:00-04:00,SPY,745.0,749.4400024414062,742.3800048828125,745.760009765625,47100900
2026-07-02 00:00:00-04:00,SPY,747.4000244140625,751.3099975585938,740.030029296875,744.780029296875,57447800
2026-07-06 00:00:00-04:00,SPY,748.739990234375,752.4099731445312,747.4099731445312,751.280029296875,50673300
2026-07-07 00:00:00-04:00,SPY,750.219970703125,750.9600219726562,745.2100219726562,747.7100219726562,43721500
2026-07-08 00:00:00-04:00,SPY,743.1599731445312,746.1500244140625,739.510009765625,745.4000244140625,43767400
2026-07-09 00:00:00-04:00,SPY,747.3499755859375,751.969970703125,745.5900268554688,751.7100219726562,41441700
2026-07-10 00:00:00-04:00,SPY,752.0499877929688,755.4199829101562,748.0999755859375,754.9500122070312,42191300
2026-07-13 00:00:00-04:00,SPY,752.469970703125,753.9099731445312,748.0,749.1699829101562,44013600
2026-07-14 00:00:00-04:00,SPY,750.9099731445312,753.3400268554688,748.6599731445312,751.8300170898438,35143100
2026-07-15 00:00:00-04:00,SPY,754.239990234375,755.5800170898438,750.2000122070312,754.8099975585938,43844800
2026-07-16 00:00:00-04:00,SPY,752.760009765625,754.5700073242188,747.8800048828125,750.719970703125,46409800
2026-07-17 00:00:00-04:00,SPY,742.0800170898438,747.2899780273438,740.7999877929688,743.2899780273438,62651000
2026-07-20 00:00:00-04:00,SPY,747.0599975585938,748.72998046875,741.510009765625,742.0900268554688,50422300
2026-07-21 00:00:00-04:00,SPY,746.2899780273438,749.0399780273438,744.1799926757812,748.280029296875,34324300
2026-07-22 00:00:00-04:00,SPY,746.6199951171875,750.02001953125,746.3699951171875,747.4099731445312,32836200
2026-07-23 00:00:00-04:00,SPY,739.3699951171875,742.5599975585938,735.2100219726562,738.1799926757812,55437300
2026-07-24 00:00:00-04:00,SPY,738.510009765625,743.719970703125,737.2899780273438,738.9299926757812,44782000
2026-07-27 00:00:00-04:00,SPY,744.9099731445312,745.530029296875,735.8699951171875,739.0900268554688,41461200
2026-07-28 00:00:00-04:00,SPY,739.1900024414062,742.7899780273438,735.97998046875,740.8599853515625,47322200
2026-07-29 00:00:00-04:00,SPY,739.969970703125,742.6799926757812,729.0999755859375,729.4600219726562,70697200
2026-07-30 00:00:00-04:00,SPY,736.0499877929688,742.4500122070312,734.5900268554688,741.6900024414062,66811300
2026-07-31 00:00:00-04:00,SPY,744.6799926757812,748.9000244140625,737.6799926757812,747.030029296875,62445900
2026-08-03 00:00:00-04:00,SPY,749.4400024414062,758.5800170898438,748.7999877929688,757.6699829101562,59927500
2026-08-04 00:00:00-04:00,SPY,760.6300048828125,773.4099731445312,760.52001953125,771.3300170898438,69154800
2026-08-05 00:00:00-04:00,SPY,775.8499755859375,776.8499755859375,769.510009765625,769.7899780273438,44689100
2026-08-06 00:00:00-04:00,SPY,770.2100219726562,771.8200073242188,767.4600219726562,768.5599975585938,38416900
2026-08-07 00:00:00-04:00,SPY,771.02001953125,773.9199829101562,769.6099853515625,773.260009765625,43586300
2026-08-10 00:00:00-04:00,SPY,772.5999755859375,775.0499877929688,771.6199951171875,773.030029296875,39249500
2026-08-11 00:00:00-04:00,SPY,774.530029296875,774.6099853515625,769.2000122070312,770.5599975585938,36740600
2026-08-12 00:00:00-04:00,SPY,774.7100219726562,774.9000244140625,771.280029296875,772.489990234375,33179100
2026-08-13 00:00:00-04:00,SPY,774.8699951171875,779.3699951171875,774.1099853515625,777.8800048828125,35634500
2026-08-14 00:00:00-04:00,SPY,778.5399780273438,778.7999877929688,775.4299926757812,776.3400268554688,31367900
2026-08-17 00:00:00-04:00,SPY,776.1799926757812,776.780029296875,772.510009765625,772.6699829101562,34356600
2026-08-18 00:00:00-04:00,SPY,768.7000122070312,769.5,766.9199829101562,767.4500122070312,43920900
2026-08-19 00:00:00-04:00,SPY,770.3599853515625,772.469970703125,768.0999755859375,769.0599975585938,40306000
2026-08-20 00:00:00-04:00,SPY,765.9600219726562,768.1500244140625,762.0399780273438,762.5999755859375,45520300
2026-08-21 00:00:00-04:00,SPY,766.0499877929688,767.8499755859375,764.1699829101562,765.719970703125,39188700
2026-08-24 00:00:00-04:00,SPY,764.780029296875,765.219970703125,762.0800170898438,763.469970703125,32430900
2026-08-25 00:00:00-04:00,SPY,766.1599731445312,766.780029296875,763.0499877929688,765.9099731445312,27422300
2026-08-26 00:00:00-04:00,SPY,764.72998046875,767.3499755859375,763.9299926757812,766.0800170898438,28751600
2026-08-27 00:00:00-04:00,SPY,768.5,772.3599853515625,767.1599731445312,771.0999755859375,34557100
2026-08-28 00:00:00-04:00,SPY,771.760009765625,775.2999877929688,768.3099975585938,769.3499755859375,36744300
2026-08-31 00:00:00-04:00,SPY,767.3300170898438,768.0,764.719970703125,767.0499877929688,38810800
2026-09-01 00:00:00-04:00,SPY,762.010009765625,764.6699829101562,759.47998046875,761.780029296875,41126300
2026-09-02 00:00:00-04:00,SPY,762.4500122070312,766.4299926757812,761.72998046875,765.1599731445312,29566200
2026-09-03 00:00:00-04:00,SPY,767.9000244140625,774.030029296875,767.4500122070312,773.1699829101562,43531600
2026-09-04 00:00:00-04:00,SPY,772.010009765625,772.8699951171875,769.0,770.1900024414062,34054200
2026-09-08 00:00:00-04:00,SPY,769.0700073242188,769.7000122070312,765.1400146484375,765.9600219726562,44746100
2026-09-09 00:00:00-04:00,SPY,764.0800170898438,764.469970703125,760.9400024414062,762.4000244140625,32772300
